fecha_pedido,semana,pedido_id,cliente_id,sucursal,asesor,sector_industrial,familia,abc_cliente,usd,kg,posiciones
2026-04-17,2026-04-13,PED00001,CLI011,SUCURSAL NORTE,ASESOR UNO,SECTOR AGRO,FAMILIA ALFA,C,2581.49,2139.6,1
2026-04-17,2026-04-13,PED00002,CLI020,SUCURSAL NORTE,ASESOR DOS,SECTOR AGRO,FAMILIA ALFA,A,2614.98,2819.9,5
2026-04-14,2026-04-13,PED00003,CLI011,SUCURSAL NORTE,ASESOR UNO,SECTOR INDUSTRIA,FAMILIA BETA,C,642.92,505.7,1
2026-04-13,2026-04-13,PED00004,CLI012,SUCURSAL NORTE,ASESOR TRES,SECTOR AGRO,FAMILIA BETA,C,666.17,685.3,1
2026-04-17,2026-04-13,PED00005,CLI014,SUCURSAL NORTE,ASESOR TRES,SECTOR CONSTRUCCION,FAMILIA GAMMA,C,1588.83,1992.5,3
2026-04-13,2026-04-13,PED00006,CLI012,SUCURSAL NORTE,ASESOR DOS,SECTOR CONSTRUCCION,FAMILIA DELTA,C,2205.81,2509.5,3
2026-04-14,2026-04-13,PED00007,CLI023,SUCURSAL NORTE,ASESOR TRES,SECTOR CONSTRUCCION,FAMILIA BETA,A,680.01,868.5,1
2026-04-14,2026-04-13,PED00007,CLI023,SUCURSAL NORTE,ASESOR TRES,SECTOR CONSTRUCCION,FAMILIA DELTA,A,2120.98,2213.9,3
2026-04-17,2026-04-13,PED00008,CLI012,SUCURSAL NORTE,ASESOR DOS,SECTOR INDUSTRIA,FAMILIA ALFA,B,2612.52,2571.9,1
2026-04-17,2026-04-13,PED00008,CLI012,SUCURSAL NORTE,ASESOR DOS,SECTOR INDUSTRIA,FAMILIA DELTA,B,1580.95,1772.1,5
2026-04-15,2026-04-13,PED00009,CLI012,SUCURSAL NORTE,ASESOR TRES,SECTOR AGRO,FAMILIA DELTA,B,1807.11,1927.4,4
2026-04-14,2026-04-13,PED00010,CLI012,SUCURSAL NORTE,ASESOR UNO,SECTOR CONSTRUCCION,FAMILIA DELTA,C,1596.22,1547.6,5
2026-04-16,2026-04-13,PED00011,CLI016,SUCURSAL SUR,ASESOR UNO,SECTOR AGRO,FAMILIA DELTA,C,1714.71,1381.6,2
2026-04-16,2026-04-13,PED00011,CLI016,SUCURSAL SUR,ASESOR UNO,SECTOR AGRO,FAMILIA ALFA,C,1800.35,1273.3,5
2026-04-16,2026-04-13,PED00012,CLI017,SUCURSAL SUR,ASESOR UNO,SECTOR AGRO,FAMILIA GAMMA,B,2716.85,3027.4,5
2026-04-16,2026-04-13,PED00013,CLI014,SUCURSAL SUR,ASESOR TRES,SECTOR INDUSTRIA,FAMILIA DELTA,C,1912.47,1457.5,4
2026-04-16,2026-04-13,PED00013,CLI014,SUCURSAL SUR,ASESOR TRES,SECTOR INDUSTRIA,FAMILIA BETA,C,1157.33,856.9,2
2026-04-13,2026-04-13,PED00014,CLI036,SUCURSAL SUR,ASESOR DOS,SECTOR CONSTRUCCION,FAMILIA BETA,A,1423.55,1807.0,5
2026-04-14,2026-04-13,PED00015,CLI017,SUCURSAL SUR,ASESOR UNO,SECTOR CONSTRUCCION,FAMILIA GAMMA,C,2394.1,2357.0,1
2026-04-13,2026-04-13,PED00016,CLI018,SUCURSAL SUR,ASESOR DOS,SECTOR AGRO,FAMILIA GAMMA,B,2521.12,2488.8,2
2026-04-14,2026-04-13,PED00017,CLI018,SUCURSAL SUR,ASESOR TRES,SECTOR CONSTRUCCION,FAMILIA ALFA,B,1867.81,1641.5,1
2026-04-15,2026-04-13,PED00018,CLI017,SUCURSAL SUR,ASESOR TRES,SECTOR AGRO,FAMILIA GAMMA,B,2045.2,2427.5,2
2026-04-15,2026-04-13,PED00018,CLI017,SUCURSAL SUR,ASESOR TRES,SECTOR AGRO,FAMILIA DELTA,B,2237.01,2664.3,2
2026-04-13,2026-04-13,PED00019,CLI036,SUCURSAL ESTE,ASESOR TRES,SECTOR AGRO,FAMILIA DELTA,B,1028.38,1093.3,3
2026-04-13,2026-04-13,PED00019,CLI036,SUCURSAL ESTE,ASESOR TRES,SECTOR AGRO,FAMILIA BETA,B,2279.84,2877.6,3
2026-04-16,2026-04-13,PED00020,CLI037,SUCURSAL ESTE,ASESOR DOS,SECTOR CONSTRUCCION,FAMILIA BETA,B,2312.84,2986.2,5
2026-04-13,2026-04-13,PED00021,CLI037,SUCURSAL ESTE,ASESOR UNO,SECTOR AGRO,FAMILIA ALFA,C,800.19,920.3,4
2026-04-13,2026-04-13,PED00021,CLI037,SUCURSAL ESTE,ASESOR UNO,SECTOR AGRO,FAMILIA BETA,C,2691.4,2584.7,3
2026-04-13,2026-04-13,PED00022,CLI039,SUCURSAL ESTE,ASESOR UNO,SECTOR INDUSTRIA,FAMILIA BETA,B,1888.86,1991.8,4
2026-04-13,2026-04-13,PED00022,CLI039,SUCURSAL ESTE,ASESOR UNO,SECTOR INDUSTRIA,FAMILIA ALFA,B,807.15,635.8,5
2026-04-17,2026-04-13,PED00023,CLI036,SUCURSAL ESTE,ASESOR DOS,SECTOR INDUSTRIA,FAMILIA ALFA,C,579.3,743.0,1
2026-04-14,2026-04-13,PED00024,CLI038,SUCURSAL ESTE,ASESOR TRES,SECTOR INDUSTRIA,FAMILIA BETA,C,2097.81,1837.2,2
2026-04-14,2026-04-13,PED00024,CLI038,SUCURSAL ESTE,ASESOR TRES,SECTOR INDUSTRIA,FAMILIA ALFA,C,794.83,711.8,5
2026-04-16,2026-04-13,PED00025,CLI017,SUCURSAL ESTE,ASESOR DOS,SECTOR CONSTRUCCION,FAMILIA DELTA,A,1325.36,1626.1,2
2026-04-16,2026-04-13,PED00026,CLI036,SUCURSAL ESTE,ASESOR TRES,SECTOR CONSTRUCCION,FAMILIA ALFA,B,624.77,614.8,1
2026-04-16,2026-04-13,PED00026,CLI036,SUCURSAL ESTE,ASESOR TRES,SECTOR CONSTRUCCION,FAMILIA DELTA,B,1198.48,1073.3,5
2026-04-17,2026-04-13,PED00027,CLI009,SUCURSAL OESTE,ASESOR TRES,SECTOR AGRO,FAMILIA BETA,C,1337.01,1555.4,5
2026-04-16,2026-04-13,PED00028,CLI011,SUCURSAL OESTE,ASESOR DOS,SECTOR INDUSTRIA,FAMILIA BETA,A,1581.17,1536.0,5
2026-04-17,2026-04-13,PED00029,CLI011,SUCURSAL OESTE,ASESOR DOS,SECTOR INDUSTRIA,FAMILIA BETA,C,1254.93,970.0,4
2026-04-17,2026-04-13,PED00029,CLI011,SUCURSAL OESTE,ASESOR DOS,SECTOR INDUSTRIA,FAMILIA DELTA,C,1111.67,1225.8,4
2026-04-14,2026-04-13,PED00030,CLI009,SUCURSAL OESTE,ASESOR UNO,SECTOR CONSTRUCCION,FAMILIA GAMMA,C,2014.28,1575.9,4
2026-04-14,2026-04-13,PED00030,CLI009,SUCURSAL OESTE,ASESOR UNO,SECTOR CONSTRUCCION,FAMILIA ALFA,C,1331.75,1693.3,4
2026-04-14,2026-04-13,PED00031,CLI010,SUCURSAL OESTE,ASESOR DOS,SECTOR CONSTRUCCION,FAMILIA DELTA,C,1162.21,1062.2,1
2026-04-14,2026-04-13,PED00031,CLI010,SUCURSAL OESTE,ASESOR DOS,SECTOR CONSTRUCCION,FAMILIA BETA,C,1598.45,1137.6,5
2026-04-15,2026-04-13,PED00032,CLI012,SUCURSAL OESTE,ASESOR DOS,SECTOR AGRO,FAMILIA GAMMA,C,2245.96,1658.8,2
2026-04-14,2026-04-13,PED00033,CLI001,SUCURSAL OESTE,ASESOR UNO,SECTOR CONSTRUCCION,FAMILIA BETA,B,1655.77,2003.1,3
2026-04-15,2026-04-13,PED00034,CLI004,SUCURSAL OESTE,ASESOR DOS,SECTOR CONSTRUCCION,FAMILIA ALFA,B,1679.75,1360.6,1
2026-04-13,2026-04-13,PED00035,CLI011,SUCURSAL OESTE,ASESOR DOS,SECTOR CONSTRUCCION,FAMILIA BETA,C,1213.52,1477.7,4
2026-04-24,2026-04-20,PED00036,CLI011,SUCURSAL NORTE,ASESOR DOS,SECTOR INDUSTRIA,FAMILIA BETA,B,825.03,1057.3,3
2026-04-22,2026-04-20,PED00037,CLI011,SUCURSAL NORTE,ASESOR UNO,SECTOR CONSTRUCCION,FAMILIA BETA,B,643.02,643.1,2
2026-04-20,2026-04-20,PED00038,CLI013,SUCURSAL NORTE,ASESOR DOS,SECTOR AGRO,FAMILIA BETA,C,706.0,598.3,4
2026-04-23,2026-04-20,PED00039,CLI014,SUCURSAL NORTE,ASESOR UNO,SECTOR INDUSTRIA,FAMILIA DELTA,C,2278.82,2016.0,2
2026-04-23,2026-04-20,PED00040,CLI021,SUCURSAL NORTE,ASESOR UNO,SECTOR AGRO,FAMILIA ALFA,A,1787.05,1921.6,3
2026-04-23,2026-04-20,PED00040,CLI021,SUCURSAL NORTE,ASESOR UNO,SECTOR AGRO,FAMILIA DELTA,A,1864.86,1367.4,4
2026-04-22,2026-04-20,PED00041,CLI012,SUCURSAL NORTE,ASESOR TRES,SECTOR INDUSTRIA,FAMILIA BETA,C,605.84,586.1,3
2026-04-21,2026-04-20,PED00042,CLI013,SUCURSAL NORTE,ASESOR DOS,SECTOR AGRO,FAMILIA GAMMA,C,1429.19,1157.3,3
2026-04-21,2026-04-20,PED00043,CLI010,SUCURSAL NORTE,ASESOR DOS,SECTOR CONSTRUCCION,FAMILIA ALFA,B,1855.0,2207.9,2
2026-04-22,2026-04-20,PED00044,CLI018,SUCURSAL SUR,ASESOR TRES,SECTOR CONSTRUCCION,FAMILIA ALFA,B,1750.96,1781.6,2
2026-04-22,2026-04-20,PED00045,CLI017,SUCURSAL SUR,ASESOR TRES,SECTOR INDUSTRIA,FAMILIA DELTA,C,1820.95,1950.6,2
2026-04-22,2026-04-20,PED00045,CLI017,SUCURSAL SUR,ASESOR TRES,SECTOR INDUSTRIA,FAMILIA ALFA,C,1384.05,1662.5,5
2026-04-24,2026-04-20,PED00046,CLI015,SUCURSAL SUR,ASESOR TRES,SECTOR AGRO,FAMILIA ALFA,C,1749.93,2162.4,2
2026-04-24,2026-04-20,PED00046,CLI015,SUCURSAL SUR,ASESOR TRES,SECTOR AGRO,FAMILIA GAMMA,C,1918.28,1391.0,3
2026-04-20,2026-04-20,PED00047,CLI014,SUCURSAL SUR,ASESOR UNO,SECTOR AGRO,FAMILIA BETA,C,1396.99,980.7,1
2026-04-24,2026-04-20,PED00048,CLI014,SUCURSAL SUR,ASESOR TRES,SECTOR INDUSTRIA,FAMILIA DELTA,C,1795.45,1337.0,3
2026-04-23,2026-04-20,PED00049,CLI015,SUCURSAL SUR,ASESOR UNO,SECTOR INDUSTRIA,FAMILIA DELTA,C,1655.58,2063.3,3
2026-04-20,2026-04-20,PED00050,CLI015,SUCURSAL SUR,ASESOR UNO,SECTOR INDUSTRIA,FAMILIA GAMMA,C,2073.63,2376.2,3
2026-04-20,2026-04-20,PED00051,CLI039,SUCURSAL SUR,ASESOR TRES,SECTOR INDUSTRIA,FAMILIA ALFA,A,1823.15,2015.4,3
2026-04-23,2026-04-20,PED00052,CLI019,SUCURSAL SUR,ASESOR TRES,SECTOR INDUSTRIA,FAMILIA BETA,B,1671.32,2108.8,1
2026-04-23,2026-04-20,PED00052,CLI019,SUCURSAL SUR,ASESOR TRES,SECTOR INDUSTRIA,FAMILIA DELTA,B,1825.26,1361.4,5
2026-04-20,2026-04-20,PED00053,CLI037,SUCURSAL ESTE,ASESOR DOS,SECTOR AGRO,FAMILIA BETA,B,2559.56,2193.8,3
2026-04-20,2026-04-20,PED00054,CLI037,SUCURSAL ESTE,ASESOR UNO,SECTOR INDUSTRIA,FAMILIA BETA,C,2699.5,2677.1,1
2026-04-20,2026-04-20,PED00054,CLI037,SUCURSAL ESTE,ASESOR UNO,SECTOR INDUSTRIA,FAMILIA DELTA,C,1012.17,1285.4,4
2026-04-22,2026-04-20,PED00055,CLI038,SUCURSAL ESTE,ASESOR DOS,SECTOR AGRO,FAMILIA ALFA,C,816.85,572.6,3
2026-04-20,2026-04-20,PED00056,CLI036,SUCURSAL ESTE,ASESOR DOS,SECTOR CONSTRUCCION,FAMILIA GAMMA,C,1692.82,1584.0,5
2026-04-20,2026-04-20,PED00056,CLI036,SUCURSAL ESTE,ASESOR DOS,SECTOR CONSTRUCCION,FAMILIA BETA,C,1934.37,2428.1,3
2026-04-21,2026-04-20,PED00057,CLI017,SUCURSAL ESTE,ASESOR UNO,SECTOR AGRO,FAMILIA GAMMA,A,1738.5,1546.2,3
2026-04-24,2026-04-20,PED00058,CLI038,SUCURSAL ESTE,ASESOR DOS,SECTOR CONSTRUCCION,FAMILIA ALFA,C,589.43,671.6,4
2026-04-23,2026-04-20,PED00059,CLI037,SUCURSAL ESTE,ASESOR TRES,SECTOR CONSTRUCCION,FAMILIA BETA,C,2022.28,1919.0,3
2026-04-23,2026-04-20,PED00060,CLI037,SUCURSAL ESTE,ASESOR DOS,SECTOR AGRO,FAMILIA GAMMA,C,1772.0,1951.5,1
2026-04-24,2026-04-20,PED00061,CLI016,SUCURSAL ESTE,ASESOR UNO,SECTOR INDUSTRIA,FAMILIA DELTA,A,1040.75,1294.4,4
2026-04-24,2026-04-20,PED00061,CLI016,SUCURSAL ESTE,ASESOR UNO,SECTOR INDUSTRIA,FAMILIA GAMMA,A,1732.21,1781.9,2
2026-04-22,2026-04-20,PED00062,CLI036,SUCURSAL ESTE,ASESOR UNO,SECTOR CONSTRUCCION,FAMILIA GAMMA,B,2004.76,1646.5,1
2026-04-23,2026-04-20,PED00063,CLI010,SUCURSAL OESTE,ASESOR DOS,SECTOR AGRO,FAMILIA ALFA,C,1498.89,1565.7,3
2026-04-20,2026-04-20,PED00064,CLI002,SUCURSAL OESTE,ASESOR UNO,SECTOR INDUSTRIA,FAMILIA BETA,B,1400.21,1522.7,4
2026-04-23,2026-04-20,PED00065,CLI014,SUCURSAL OESTE,ASESOR DOS,SECTOR CONSTRUCCION,FAMILIA DELTA,A,995.11,1252.0,5
2026-04-23,2026-04-20,PED00065,CLI014,SUCURSAL OESTE,ASESOR DOS,SECTOR CONSTRUCCION,FAMILIA ALFA,A,1713.28,2198.7,2
2026-04-23,2026-04-20,PED00066,CLI011,SUCURSAL OESTE,ASESOR UNO,SECTOR CONSTRUCCION,FAMILIA ALFA,A,1200.82,931.1,5
2026-04-22,2026-04-20,PED00067,CLI010,SUCURSAL OESTE,ASESOR UNO,SECTOR INDUSTRIA,FAMILIA DELTA,C,1295.32,993.9,1
2026-04-23,2026-04-20,PED00068,CLI010,SUCURSAL OESTE,ASESOR DOS,SECTOR INDUSTRIA,FAMILIA ALFA,C,1206.28,1062.6,4
2026-04-23,2026-04-20,PED00069,CLI010,SUCURSAL OESTE,ASESOR DOS,SECTOR AGRO,FAMILIA BETA,C,1191.59,1128.5,3
2026-04-20,2026-04-20,PED00070,CLI014,SUCURSAL OESTE,ASESOR UNO,SECTOR CONSTRUCCION,FAMILIA DELTA,A,1404.08,1173.9,1
2026-04-28,2026-04-27,PED00071,CLI012,SUCURSAL NORTE,ASESOR TRES,SECTOR AGRO,FAMILIA GAMMA,B,1765.09,1770.3,2
2026-04-28,2026-04-27,PED00072,CLI010,SUCURSAL NORTE,ASESOR DOS,SECTOR CONSTRUCCION,FAMILIA GAMMA,B,1778.85,1560.0,5
2026-04-30,2026-04-27,PED00073,CLI021,SUCURSAL NORTE,ASESOR DOS,SECTOR INDUSTRIA,FAMILIA ALFA,A,2616.14,2061.1,4
2026-04-30,2026-04-27,PED00074,CLI021,SUCURSAL NORTE,ASESOR UNO,SECTOR CONSTRUCCION,FAMILIA ALFA,A,1937.74,1879.2,3
2026-04-29,2026-04-27,PED00075,CLI012,SUCURSAL NORTE,ASESOR TRES,SECTOR CONSTRUCCION,FAMILIA DELTA,C,1558.87,1712.7,4
2026-04-27,2026-04-27,PED00076,CLI009,SUCURSAL NORTE,ASESOR DOS,SECTOR AGRO,FAMILIA ALFA,B,2086.22,2656.4,1
2026-04-30,2026-04-27,PED00077,CLI011,SUCURSAL NORTE,ASESOR TRES,SECTOR CONSTRUCCION,FAMILIA DELTA,B,1684.55,1726.5,4
2026-04-27,2026-04-27,PED00078,CLI012,SUCURSAL NORTE,ASESOR UNO,SECTOR AGRO,FAMILIA BETA,B,789.56,915.9,1
2026-04-29,2026-04-27,PED00079,CLI009,SUCURSAL NORTE,ASESOR DOS,SECTOR CONSTRUCCION,FAMILIA ALFA,B,2571.6,2323.3,3
2026-04-29,2026-04-27,PED00080,CLI022,SUCURSAL NORTE,ASESOR DOS,SECTOR INDUSTRIA,FAMILIA ALFA,A,1795.92,1509.1,4
2026-04-28,2026-04-27,PED00081,CLI017,SUCURSAL SUR,ASESOR DOS,SECTOR AGRO,FAMILIA BETA,C,1572.8,1797.9,2
2026-04-28,2026-04-27,PED00081,CLI017,SUCURSAL SUR,ASESOR DOS,SECTOR AGRO,FAMILIA ALFA,C,1765.63,1583.2,3
2026-05-01,2026-04-27,PED00082,CLI014,SUCURSAL SUR,ASESOR DOS,SECTOR AGRO,FAMILIA BETA,C,1261.19,931.8,1
2026-04-30,2026-04-27,PED00083,CLI017,SUCURSAL SUR,ASESOR DOS,SECTOR INDUSTRIA,FAMILIA ALFA,B,1777.38,1466.3,4
2026-04-30,2026-04-27,PED00083,CLI017,SUCURSAL SUR,ASESOR DOS,SECTOR INDUSTRIA,FAMILIA BETA,B,1402.14,1578.6,4
2026-05-01,2026-04-27,PED00084,CLI039,SUCURSAL SUR,ASESOR UNO,SECTOR CONSTRUCCION,FAMILIA BETA,A,1424.64,1658.7,1
2026-05-01,2026-04-27,PED00084,CLI039,SUCURSAL SUR,ASESOR UNO,SECTOR CONSTRUCCION,FAMILIA GAMMA,A,2557.37,2241.2,3
2026-04-28,2026-04-27,PED00085,CLI018,SUCURSAL SUR,ASESOR TRES,SECTOR AGRO,FAMILIA BETA,B,1260.08,998.0,5
2026-04-28,2026-04-27,PED00086,CLI038,SUCURSAL SUR,ASESOR UNO,SECTOR AGRO,FAMILIA BETA,A,1486.98,1130.6,4
2026-04-30,2026-04-27,PED00087,CLI037,SUCURSAL SUR,ASESOR UNO,SECTOR CONSTRUCCION,FAMILIA ALFA,A,1512.11,1104.2,5
2026-04-30,2026-04-27,PED00087,CLI037,SUCURSAL SUR,ASESOR UNO,SECTOR CONSTRUCCION,FAMILIA BETA,A,1668.43,1751.7,1
2026-05-01,2026-04-27,PED00088,CLI017,SUCURSAL SUR,ASESOR DOS,SECTOR INDUSTRIA,FAMILIA ALFA,C,1426.03,1508.3,5
2026-04-28,2026-04-27,PED00089,CLI038,SUCURSAL SUR,ASESOR DOS,SECTOR CONSTRUCCION,FAMILIA GAMMA,A,1875.18,2136.5,2
2026-05-01,2026-04-27,PED00090,CLI036,SUCURSAL ESTE,ASESOR DOS,SECTOR AGRO,FAMILIA BETA,C,1892.51,1887.5,4
2026-05-01,2026-04-27,PED00091,CLI018,SUCURSAL ESTE,ASESOR UNO,SECTOR AGRO,FAMILIA ALFA,A,763.02,716.2,3
2026-04-27,2026-04-27,PED00092,CLI038,SUCURSAL ESTE,ASESOR DOS,SECTOR AGRO,FAMILIA GAMMA,C,1722.69,1224.7,3
2026-04-28,2026-04-27,PED00093,CLI039,SUCURSAL ESTE,ASESOR TRES,SECTOR CONSTRUCCION,FAMILIA DELTA,B,1136.26,1354.7,4
2026-04-28,2026-04-27,PED00093,CLI039,SUCURSAL ESTE,ASESOR TRES,SECTOR CONSTRUCCION,FAMILIA ALFA,B,741.37,681.2,2
2026-04-30,2026-04-27,PED00094,CLI016,SUCURSAL ESTE,ASESOR UNO,SECTOR CONSTRUCCION,FAMILIA GAMMA,A,1953.3,1568.5,3
2026-04-27,2026-04-27,PED00095,CLI036,SUCURSAL ESTE,ASESOR DOS,SECTOR CONSTRUCCION,FAMILIA BETA,B,2144.18,2578.1,1
2026-04-27,2026-04-27,PED00096,CLI018,SUCURSAL ESTE,ASESOR DOS,SECTOR AGRO,FAMILIA BETA,A,2595.28,2162.5,4
2026-04-27,2026-04-27,PED00096,CLI018,SUCURSAL ESTE,ASESOR DOS,SECTOR AGRO,FAMILIA GAMMA,A,1865.87,1525.7,4
2026-04-30,2026-04-27,PED00097,CLI012,SUCURSAL OESTE,ASESOR TRES,SECTOR CONSTRUCCION,FAMILIA BETA,A,1319.47,1497.5,2
2026-04-29,2026-04-27,PED00098,CLI009,SUCURSAL OESTE,ASESOR UNO,SECTOR INDUSTRIA,FAMILIA DELTA,C,1224.02,1317.3,3
2026-04-30,2026-04-27,PED00099,CLI002,SUCURSAL OESTE,ASESOR TRES,SECTOR AGRO,FAMILIA GAMMA,B,2187.43,2106.5,1
2026-04-28,2026-04-27,PED00100,CLI012,SUCURSAL OESTE,ASESOR UNO,SECTOR INDUSTRIA,FAMILIA DELTA,C,1361.54,1615.2,4
2026-04-29,2026-04-27,PED00101,CLI014,SUCURSAL OESTE,ASESOR UNO,SECTOR CONSTRUCCION,FAMILIA DELTA,A,1202.08,1315.4,1
2026-05-01,2026-04-27,PED00102,CLI013,SUCURSAL OESTE,ASESOR TRES,SECTOR CONSTRUCCION,FAMILIA DELTA,A,1273.32,1490.5,1
2026-05-05,2026-05-04,PED00103,CLI011,SUCURSAL NORTE,ASESOR TRES,SECTOR INDUSTRIA,FAMILIA DELTA,C,1755.26,2082.8,2
2026-05-06,2026-05-04,PED00104,CLI011,SUCURSAL NORTE,ASESOR TRES,SECTOR INDUSTRIA,FAMILIA GAMMA,C,1391.11,1722.1,3
2026-05-05,2026-05-04,PED00105,CLI012,SUCURSAL NORTE,ASESOR DOS,SECTOR CONSTRUCCION,FAMILIA BETA,B,651.2,470.2,2
2026-05-06,2026-05-04,PED00106,CLI013,SUCURSAL NORTE,ASESOR DOS,SECTOR CONSTRUCCION,FAMILIA BETA,C,593.91,604.9,3
2026-05-06,2026-05-04,PED00106,CLI013,SUCURSAL NORTE,ASESOR DOS,SECTOR CONSTRUCCION,FAMILIA DELTA,C,2275.63,2211.5,5
2026-05-06,2026-05-04,PED00107,CLI011,SUCURSAL NORTE,ASESOR TRES,SECTOR INDUSTRIA,FAMILIA DELTA,C,2146.37,1843.4,3
2026-05-06,2026-05-04,PED00107,CLI011,SUCURSAL NORTE,ASESOR TRES,SECTOR INDUSTRIA,FAMILIA GAMMA,C,1660.85,1521.6,1
2026-05-06,2026-05-04,PED00108,CLI020,SUCURSAL NORTE,ASESOR DOS,SECTOR CONSTRUCCION,FAMILIA GAMMA,A,1700.72,2194.7,5
2026-05-06,2026-05-04,PED00108,CLI020,SUCURSAL NORTE,ASESOR DOS,SECTOR CONSTRUCCION,FAMILIA BETA,A,822.31,1017.6,1
2026-05-08,2026-05-04,PED00109,CLI011,SUCURSAL NORTE,ASESOR TRES,SECTOR CONSTRUCCION,FAMILIA DELTA,B,1927.73,2385.2,2
2026-05-04,2026-05-04,PED00110,CLI011,SUCURSAL NORTE,ASESOR DOS,SECTOR CONSTRUCCION,FAMILIA GAMMA,C,1484.53,1505.1,5
2026-05-05,2026-05-04,PED00111,CLI017,SUCURSAL SUR,ASESOR DOS,SECTOR INDUSTRIA,FAMILIA DELTA,B,1720.85,1219.2,2
2026-05-05,2026-05-04,PED00112,CLI016,SUCURSAL SUR,ASESOR TRES,SECTOR CONSTRUCCION,FAMILIA GAMMA,B,2586.64,3311.6,1
2026-05-05,2026-05-04,PED00112,CLI016,SUCURSAL SUR,ASESOR TRES,SECTOR CONSTRUCCION,FAMILIA BETA,B,1484.34,1539.9,3
2026-05-05,2026-05-04,PED00113,CLI017,SUCURSAL SUR,ASESOR TRES,SECTOR INDUSTRIA,FAMILIA ALFA,C,1384.2,1410.4,4
2026-05-04,2026-05-04,PED00114,CLI036,SUCURSAL SUR,ASESOR UNO,SECTOR CONSTRUCCION,FAMILIA BETA,A,1202.24,985.5,5
2026-05-08,2026-05-04,PED00115,CLI017,SUCURSAL SUR,ASESOR TRES,SECTOR INDUSTRIA,FAMILIA GAMMA,C,1898.67,2042.2,4
2026-05-07,2026-05-04,PED00116,CLI039,SUCURSAL SUR,ASESOR TRES,SECTOR INDUSTRIA,FAMILIA DELTA,A,1734.22,2251.0,3
2026-05-06,2026-05-04,PED00117,CLI038,SUCURSAL SUR,ASESOR UNO,SECTOR INDUSTRIA,FAMILIA GAMMA,A,2349.48,2259.3,5
2026-05-06,2026-05-04,PED00117,CLI038,SUCURSAL SUR,ASESOR UNO,SECTOR INDUSTRIA,FAMILIA DELTA,A,2369.19,2078.7,2
2026-05-05,2026-05-04,PED00118,CLI016,SUCURSAL ESTE,ASESOR TRES,SECTOR CONSTRUCCION,FAMILIA GAMMA,A,2055.29,1843.9,2
2026-05-05,2026-05-04,PED00118,CLI016,SUCURSAL ESTE,ASESOR TRES,SECTOR CONSTRUCCION,FAMILIA ALFA,A,684.33,828.8,5
2026-05-04,2026-05-04,PED00119,CLI035,SUCURSAL ESTE,ASESOR DOS,SECTOR AGRO,FAMILIA BETA,C,2394.53,2118.3,2
2026-05-05,2026-05-04,PED00120,CLI036,SUCURSAL ESTE,ASESOR DOS,SECTOR INDUSTRIA,FAMILIA ALFA,C,605.88,761.8,3
2026-05-05,2026-05-04,PED00121,CLI015,SUCURSAL ESTE,ASESOR UNO,SECTOR INDUSTRIA,FAMILIA ALFA,A,775.66,885.9,1
2026-05-07,2026-05-04,PED00122,CLI015,SUCURSAL ESTE,ASESOR TRES,SECTOR AGRO,FAMILIA BETA,A,2052.46,1478.4,1
2026-05-05,2026-05-04,PED00123,CLI036,SUCURSAL ESTE,ASESOR TRES,SECTOR INDUSTRIA,FAMILIA BETA,B,2137.52,1927.8,3
2026-05-04,2026-05-04,PED00124,CLI038,SUCURSAL ESTE,ASESOR UNO,SECTOR AGRO,FAMILIA GAMMA,B,1976.13,2097.1,4
2026-05-04,2026-05-04,PED00124,CLI038,SUCURSAL ESTE,ASESOR UNO,SECTOR AGRO,FAMILIA BETA,B,2656.34,2844.9,1
2026-05-06,2026-05-04,PED00125,CLI001,SUCURSAL OESTE,ASESOR UNO,SECTOR AGRO,FAMILIA ALFA,B,1522.73,1263.8,1
2026-05-08,2026-05-04,PED00126,CLI011,SUCURSAL OESTE,ASESOR TRES,SECTOR AGRO,FAMILIA ALFA,A,1202.62,1196.0,4
2026-05-08,2026-05-04,PED00127,CLI011,SUCURSAL OESTE,ASESOR TRES,SECTOR CONSTRUCCION,FAMILIA BETA,C,1341.01,1111.5,2
2026-05-07,2026-05-04,PED00128,CLI011,SUCURSAL OESTE,ASESOR DOS,SECTOR CONSTRUCCION,FAMILIA ALFA,A,1395.99,1056.9,4
2026-05-07,2026-05-04,PED00128,CLI011,SUCURSAL OESTE,ASESOR DOS,SECTOR CONSTRUCCION,FAMILIA GAMMA,A,2585.31,2965.7,4
2026-05-06,2026-05-04,PED00129,CLI003,SUCURSAL OESTE,ASESOR TRES,SECTOR CONSTRUCCION,FAMILIA BETA,B,1397.13,1719.0,2
2026-05-06,2026-05-04,PED00130,CLI001,SUCURSAL OESTE,ASESOR DOS,SECTOR CONSTRUCCION,FAMILIA BETA,B,1684.09,1633.9,5
2026-05-06,2026-05-04,PED00131,CLI014,SUCURSAL OESTE,ASESOR TRES,SECTOR AGRO,FAMILIA BETA,A,1370.56,1487.9,2
2026-05-05,2026-05-04,PED00132,CLI002,SUCURSAL OESTE,ASESOR TRES,SECTOR CONSTRUCCION,FAMILIA GAMMA,B,2254.83,1796.1,3
2026-05-05,2026-05-04,PED00132,CLI002,SUCURSAL OESTE,ASESOR TRES,SECTOR CONSTRUCCION,FAMILIA DELTA,B,1418.78,1213.4,1
2026-05-12,2026-05-11,PED00133,CLI021,SUCURSAL NORTE,ASESOR TRES,SECTOR CONSTRUCCION,FAMILIA GAMMA,A,1465.25,1121.7,1
2026-05-12,2026-05-11,PED00133,CLI021,SUCURSAL NORTE,ASESOR TRES,SECTOR CONSTRUCCION,FAMILIA BETA,A,640.45,788.5,4
2026-05-12,2026-05-11,PED00134,CLI012,SUCURSAL NORTE,ASESOR UNO,SECTOR CONSTRUCCION,FAMILIA GAMMA,B,1587.34,1246.2,5
2026-05-14,2026-05-11,PED00135,CLI021,SUCURSAL NORTE,ASESOR TRES,SECTOR AGRO,FAMILIA DELTA,A,2046.81,2234.1,5
2026-05-14,2026-05-11,PED00135,CLI021,SUCURSAL NORTE,ASESOR TRES,SECTOR AGRO,FAMILIA ALFA,A,2530.69,2803.4,1
2026-05-14,2026-05-11,PED00136,CLI009,SUCURSAL NORTE,ASESOR DOS,SECTOR AGRO,FAMILIA DELTA,B,2081.53,2243.4,3
2026-05-15,2026-05-11,PED00137,CLI012,SUCURSAL NORTE,ASESOR DOS,SECTOR AGRO,FAMILIA BETA,B,812.77,728.9,1
2026-05-11,2026-05-11,PED00138,CLI011,SUCURSAL NORTE,ASESOR DOS,SECTOR AGRO,FAMILIA BETA,C,606.76,709.4,2
2026-05-15,2026-05-11,PED00139,CLI023,SUCURSAL NORTE,ASESOR TRES,SECTOR AGRO,FAMILIA DELTA,A,1927.35,2088.4,3
2026-05-12,2026-05-11,PED00140,CLI012,SUCURSAL NORTE,ASESOR TRES,SECTOR AGRO,FAMILIA BETA,B,705.87,889.1,5
2026-05-12,2026-05-11,PED00140,CLI012,SUCURSAL NORTE,ASESOR TRES,SECTOR AGRO,FAMILIA DELTA,B,1807.12,1326.4,3
2026-05-14,2026-05-11,PED00141,CLI020,SUCURSAL NORTE,ASESOR DOS,SECTOR AGRO,FAMILIA GAMMA,A,1459.67,1218.3,4
2026-05-14,2026-05-11,PED00141,CLI020,SUCURSAL NORTE,ASESOR DOS,SECTOR AGRO,FAMILIA DELTA,A,2255.52,2292.2,2
2026-05-12,2026-05-11,PED00142,CLI036,SUCURSAL SUR,ASESOR DOS,SECTOR CONSTRUCCION,FAMILIA BETA,A,1579.58,1244.3,4
2026-05-14,2026-05-11,PED00143,CLI015,SUCURSAL SUR,ASESOR DOS,SECTOR AGRO,FAMILIA BETA,C,1272.48,1177.9,3
2026-05-13,2026-05-11,PED00144,CLI036,SUCURSAL SUR,ASESOR DOS,SECTOR INDUSTRIA,FAMILIA GAMMA,A,2134.69,2115.4,5
2026-05-12,2026-05-11,PED00145,CLI016,SUCURSAL SUR,ASESOR TRES,SECTOR CONSTRUCCION,FAMILIA DELTA,C,1662.39,1726.8,3
2026-05-12,2026-05-11,PED00145,CLI016,SUCURSAL SUR,ASESOR TRES,SECTOR CONSTRUCCION,FAMILIA ALFA,C,1885.35,1478.6,3
2026-05-12,2026-05-11,PED00146,CLI036,SUCURSAL SUR,ASESOR TRES,SECTOR INDUSTRIA,FAMILIA GAMMA,A,2399.54,2512.5,2
2026-05-12,2026-05-11,PED00146,CLI036,SUCURSAL SUR,ASESOR TRES,SECTOR INDUSTRIA,FAMILIA BETA,A,1226.59,1191.2,2
2026-05-15,2026-05-11,PED00147,CLI015,SUCURSAL SUR,ASESOR UNO,SECTOR AGRO,FAMILIA ALFA,C,1964.99,2022.2,3
2026-05-15,2026-05-11,PED00147,CLI015,SUCURSAL SUR,ASESOR UNO,SECTOR AGRO,FAMILIA GAMMA,C,2021.58,2255.4,5
2026-05-15,2026-05-11,PED00148,CLI014,SUCURSAL SUR,ASESOR UNO,SECTOR INDUSTRIA,FAMILIA DELTA,C,1781.08,1395.7,4
2026-05-14,2026-05-11,PED00149,CLI017,SUCURSAL SUR,ASESOR TRES,SECTOR CONSTRUCCION,FAMILIA BETA,B,1425.19,1735.5,1
2026-05-13,2026-05-11,PED00150,CLI019,SUCURSAL SUR,ASESOR UNO,SECTOR AGRO,FAMILIA GAMMA,B,2225.31,2840.3,1
2026-05-13,2026-05-11,PED00150,CLI019,SUCURSAL SUR,ASESOR UNO,SECTOR AGRO,FAMILIA BETA,B,1223.71,1121.2,1
2026-05-11,2026-05-11,PED00151,CLI037,SUCURSAL ESTE,ASESOR TRES,SECTOR CONSTRUCCION,FAMILIA DELTA,C,1292.56,1016.9,2
2026-05-11,2026-05-11,PED00152,CLI037,SUCURSAL ESTE,ASESOR TRES,SECTOR AGRO,FAMILIA GAMMA,C,1765.83,1792.9,2
2026-05-11,2026-05-11,PED00152,CLI037,SUCURSAL ESTE,ASESOR TRES,SECTOR AGRO,FAMILIA BETA,C,2127.92,1926.1,3
2026-05-13,2026-05-11,PED00153,CLI037,SUCURSAL ESTE,ASESOR TRES,SECTOR CONSTRUCCION,FAMILIA DELTA,C,1173.76,1013.0,5
2026-05-13,2026-05-11,PED00153,CLI037,SUCURSAL ESTE,ASESOR TRES,SECTOR CONSTRUCCION,FAMILIA BETA,C,2184.43,1795.9,4
2026-05-12,2026-05-11,PED00154,CLI017,SUCURSAL ESTE,ASESOR UNO,SECTOR AGRO,FAMILIA ALFA,A,800.74,579.8,5
2026-05-13,2026-05-11,PED00155,CLI038,SUCURSAL ESTE,ASESOR DOS,SECTOR INDUSTRIA,FAMILIA ALFA,C,629.83,789.1,5
2026-05-15,2026-05-11,PED00156,CLI038,SUCURSAL ESTE,ASESOR TRES,SECTOR CONSTRUCCION,FAMILIA ALFA,C,636.32,700.1,4
2026-05-11,2026-05-11,PED00157,CLI016,SUCURSAL ESTE,ASESOR TRES,SECTOR CONSTRUCCION,FAMILIA ALFA,A,838.09,916.4,3
2026-05-12,2026-05-11,PED00158,CLI011,SUCURSAL OESTE,ASESOR DOS,SECTOR INDUSTRIA,FAMILIA GAMMA,C,1806.23,1878.1,5
2026-05-11,2026-05-11,PED00159,CLI009,SUCURSAL OESTE,ASESOR UNO,SECTOR AGRO,FAMILIA DELTA,C,1293.94,1219.9,1
2026-05-11,2026-05-11,PED00159,CLI009,SUCURSAL OESTE,ASESOR UNO,SECTOR AGRO,FAMILIA GAMMA,C,1800.63,1678.7,5
2026-05-15,2026-05-11,PED00160,CLI004,SUCURSAL OESTE,ASESOR TRES,SECTOR CONSTRUCCION,FAMILIA DELTA,B,1061.89,840.0,1
2026-05-11,2026-05-11,PED00161,CLI011,SUCURSAL OESTE,ASESOR DOS,SECTOR CONSTRUCCION,FAMILIA ALFA,A,1277.38,907.8,5
2026-05-11,2026-05-11,PED00162,CLI010,SUCURSAL OESTE,ASESOR UNO,SECTOR AGRO,FAMILIA BETA,C,1602.89,1203.1,5
2026-05-11,2026-05-11,PED00163,CLI003,SUCURSAL OESTE,ASESOR TRES,SECTOR AGRO,FAMILIA ALFA,B,1208.84,1318.1,5
2026-05-11,2026-05-11,PED00163,CLI003,SUCURSAL OESTE,ASESOR TRES,SECTOR AGRO,FAMILIA DELTA,B,998.25,885.1,5
2026-05-22,2026-05-18,PED00164,CLI022,SUCURSAL NORTE,ASESOR DOS,SECTOR INDUSTRIA,FAMILIA DELTA,A,1662.12,2127.2,1
2026-05-22,2026-05-18,PED00164,CLI022,SUCURSAL NORTE,ASESOR DOS,SECTOR INDUSTRIA,FAMILIA GAMMA,A,1522.89,1655.3,4
2026-05-20,2026-05-18,PED00165,CLI014,SUCURSAL NORTE,ASESOR DOS,SECTOR AGRO,FAMILIA GAMMA,C,1469.17,1576.6,5
2026-05-20,2026-05-18,PED00165,CLI014,SUCURSAL NORTE,ASESOR DOS,SECTOR AGRO,FAMILIA BETA,C,654.84,696.4,1
2026-05-19,2026-05-18,PED00166,CLI014,SUCURSAL NORTE,ASESOR UNO,SECTOR INDUSTRIA,FAMILIA DELTA,C,1996.09,2470.5,4
2026-05-20,2026-05-18,PED00167,CLI022,SUCURSAL NORTE,ASESOR DOS,SECTOR INDUSTRIA,FAMILIA ALFA,A,2030.38,1592.6,5
2026-05-20,2026-05-18,PED00168,CLI014,SUCURSAL NORTE,ASESOR UNO,SECTOR AGRO,FAMILIA DELTA,C,2146.16,1760.4,2
2026-05-21,2026-05-18,PED00169,CLI023,SUCURSAL NORTE,ASESOR DOS,SECTOR INDUSTRIA,FAMILIA GAMMA,A,1772.83,2083.1,4
2026-05-21,2026-05-18,PED00169,CLI023,SUCURSAL NORTE,ASESOR DOS,SECTOR INDUSTRIA,FAMILIA DELTA,A,1949.12,1991.4,3
2026-05-22,2026-05-18,PED00170,CLI011,SUCURSAL NORTE,ASESOR UNO,SECTOR CONSTRUCCION,FAMILIA BETA,B,614.71,501.2,2
2026-05-21,2026-05-18,PED00171,CLI011,SUCURSAL NORTE,ASESOR TRES,SECTOR AGRO,FAMILIA BETA,B,574.12,745.4,3
2026-05-21,2026-05-18,PED00171,CLI011,SUCURSAL NORTE,ASESOR TRES,SECTOR AGRO,FAMILIA ALFA,B,2543.05,2347.2,4
2026-05-20,2026-05-18,PED00172,CLI009,SUCURSAL NORTE,ASESOR UNO,SECTOR CONSTRUCCION,FAMILIA ALFA,B,1857.87,1528.6,5
2026-05-21,2026-05-18,PED00173,CLI018,SUCURSAL SUR,ASESOR TRES,SECTOR INDUSTRIA,FAMILIA DELTA,B,2206.05,2628.1,2
2026-05-21,2026-05-18,PED00174,CLI017,SUCURSAL SUR,ASESOR DOS,SECTOR CONSTRUCCION,FAMILIA ALFA,B,1377.97,1270.2,4
2026-05-18,2026-05-18,PED00175,CLI017,SUCURSAL SUR,ASESOR DOS,SECTOR CONSTRUCCION,FAMILIA ALFA,C,1570.23,1318.9,1
2026-05-18,2026-05-18,PED00175,CLI017,SUCURSAL SUR,ASESOR DOS,SECTOR CONSTRUCCION,FAMILIA BETA,C,1659.14,1828.1,4
2026-05-19,2026-05-18,PED00176,CLI016,SUCURSAL SUR,ASESOR UNO,SECTOR AGRO,FAMILIA BETA,C,1144.08,976.5,3
2026-05-19,2026-05-18,PED00176,CLI016,SUCURSAL SUR,ASESOR UNO,SECTOR AGRO,FAMILIA ALFA,C,1394.54,1438.8,1
2026-05-18,2026-05-18,PED00177,CLI017,SUCURSAL SUR,ASESOR UNO,SECTOR AGRO,FAMILIA GAMMA,C,2534.55,3202.7,3
2026-05-21,2026-05-18,PED00178,CLI016,SUCURSAL SUR,ASESOR TRES,SECTOR INDUSTRIA,FAMILIA GAMMA,B,2198.84,2033.9,4
2026-05-18,2026-05-18,PED00179,CLI017,SUCURSAL SUR,ASESOR UNO,SECTOR AGRO,FAMILIA BETA,B,1570.71,1247.4,2
2026-05-21,2026-05-18,PED00180,CLI015,SUCURSAL SUR,ASESOR UNO,SECTOR INDUSTRIA,FAMILIA DELTA,C,2095.34,2035.4,3
2026-05-21,2026-05-18,PED00180,CLI015,SUCURSAL SUR,ASESOR UNO,SECTOR INDUSTRIA,FAMILIA ALFA,C,1572.84,1321.7,1
2026-05-18,2026-05-18,PED00181,CLI037,SUCURSAL SUR,ASESOR TRES,SECTOR AGRO,FAMILIA DELTA,A,2035.55,1601.6,2
2026-05-20,2026-05-18,PED00182,CLI036,SUCURSAL ESTE,ASESOR DOS,SECTOR AGRO,FAMILIA GAMMA,B,1665.91,1333.9,4
2026-05-18,2026-05-18,PED00183,CLI039,SUCURSAL ESTE,ASESOR UNO,SECTOR AGRO,FAMILIA ALFA,B,756.68,887.2,2
2026-05-20,2026-05-18,PED00184,CLI035,SUCURSAL ESTE,ASESOR TRES,SECTOR AGRO,FAMILIA GAMMA,C,2134.39,2772.3,2
2026-05-20,2026-05-18,PED00184,CLI035,SUCURSAL ESTE,ASESOR TRES,SECTOR AGRO,FAMILIA BETA,C,1954.09,1707.2,2
2026-05-18,2026-05-18,PED00185,CLI036,SUCURSAL ESTE,ASESOR UNO,SECTOR INDUSTRIA,FAMILIA GAMMA,C,1791.7,1730.4,5
2026-05-21,2026-05-18,PED00186,CLI036,SUCURSAL ESTE,ASESOR DOS,SECTOR CONSTRUCCION,FAMILIA BETA,B,1991.83,1609.6,2
2026-05-18,2026-05-18,PED00187,CLI015,SUCURSAL ESTE,ASESOR TRES,SECTOR CONSTRUCCION,FAMILIA DELTA,A,1019.79,797.7,2
2026-05-18,2026-05-18,PED00187,CLI015,SUCURSAL ESTE,ASESOR TRES,SECTOR CONSTRUCCION,FAMILIA BETA,A,2406.26,1976.4,1
2026-05-22,2026-05-18,PED00188,CLI036,SUCURSAL ESTE,ASESOR TRES,SECTOR INDUSTRIA,FAMILIA GAMMA,B,2027.99,2471.5,4
2026-05-22,2026-05-18,PED00188,CLI036,SUCURSAL ESTE,ASESOR TRES,SECTOR INDUSTRIA,FAMILIA BETA,B,1947.35,1841.6,4
2026-05-22,2026-05-18,PED00189,CLI037,SUCURSAL ESTE,ASESOR UNO,SECTOR INDUSTRIA,FAMILIA GAMMA,B,1543.87,1424.5,5
2026-05-22,2026-05-18,PED00189,CLI037,SUCURSAL ESTE,ASESOR UNO,SECTOR INDUSTRIA,FAMILIA ALFA,B,821.98,751.0,4
2026-05-20,2026-05-18,PED00190,CLI016,SUCURSAL ESTE,ASESOR TRES,SECTOR CONSTRUCCION,FAMILIA DELTA,A,1289.82,950.2,1
2026-05-20,2026-05-18,PED00190,CLI016,SUCURSAL ESTE,ASESOR TRES,SECTOR CONSTRUCCION,FAMILIA GAMMA,A,2108.01,2101.4,5
2026-05-18,2026-05-18,PED00191,CLI012,SUCURSAL OESTE,ASESOR TRES,SECTOR INDUSTRIA,FAMILIA BETA,A,1272.98,1129.3,5
2026-05-20,2026-05-18,PED00192,CLI012,SUCURSAL OESTE,ASESOR UNO,SECTOR CONSTRUCCION,FAMILIA DELTA,A,1211.0,1358.2,1
2026-05-20,2026-05-18,PED00193,CLI009,SUCURSAL OESTE,ASESOR DOS,SECTOR CONSTRUCCION,FAMILIA DELTA,C,1241.23,1436.0,1
2026-05-22,2026-05-18,PED00194,CLI002,SUCURSAL OESTE,ASESOR UNO,SECTOR CONSTRUCCION,FAMILIA BETA,B,1260.85,1316.0,4
2026-05-21,2026-05-18,PED00195,CLI012,SUCURSAL OESTE,ASESOR UNO,SECTOR CONSTRUCCION,FAMILIA ALFA,C,1437.38,1818.0,3
2026-05-29,2026-05-25,PED00196,CLI014,SUCURSAL NORTE,ASESOR DOS,SECTOR CONSTRUCCION,FAMILIA GAMMA,C,1835.01,1343.5,5
2026-05-29,2026-05-25,PED00196,CLI014,SUCURSAL NORTE,ASESOR DOS,SECTOR CONSTRUCCION,FAMILIA BETA,C,602.77,667.9,3
2026-05-27,2026-05-25,PED00197,CLI011,SUCURSAL NORTE,ASESOR UNO,SECTOR AGRO,FAMILIA BETA,C,581.05,557.7,5
2026-05-28,2026-05-25,PED00198,CLI012,SUCURSAL NORTE,ASESOR TRES,SECTOR CONSTRUCCION,FAMILIA DELTA,B,1570.28,2022.7,1
2026-05-28,2026-05-25,PED00198,CLI012,SUCURSAL NORTE,ASESOR TRES,SECTOR CONSTRUCCION,FAMILIA GAMMA,B,1310.95,1422.3,3
2026-05-29,2026-05-25,PED00199,CLI009,SUCURSAL NORTE,ASESOR TRES,SECTOR INDUSTRIA,FAMILIA ALFA,B,2236.01,2147.1,1
2026-05-25,2026-05-25,PED00200,CLI010,SUCURSAL NORTE,ASESOR DOS,SECTOR CONSTRUCCION,FAMILIA GAMMA,B,1343.24,1416.0,2
2026-05-28,2026-05-25,PED00201,CLI011,SUCURSAL NORTE,ASESOR DOS,SECTOR CONSTRUCCION,FAMILIA GAMMA,B,1445.65,1088.2,5
2026-05-28,2026-05-25,PED00202,CLI012,SUCURSAL NORTE,ASESOR DOS,SECTOR AGRO,FAMILIA GAMMA,C,1585.79,1631.5,5
2026-05-26,2026-05-25,PED00203,CLI011,SUCURSAL NORTE,ASESOR DOS,SECTOR AGRO,FAMILIA BETA,C,705.5,656.0,5
2026-05-26,2026-05-25,PED00204,CLI012,SUCURSAL NORTE,ASESOR DOS,SECTOR CONSTRUCCION,FAMILIA GAMMA,C,1605.46,1398.2,2
2026-05-29,2026-05-25,PED00205,CLI012,SUCURSAL NORTE,ASESOR DOS,SECTOR CONSTRUCCION,FAMILIA GAMMA,C,1572.33,1159.1,4
2026-05-26,2026-05-25,PED00206,CLI015,SUCURSAL SUR,ASESOR DOS,SECTOR INDUSTRIA,FAMILIA GAMMA,C,1969.1,1617.6,5
2026-05-27,2026-05-25,PED00207,CLI039,SUCURSAL SUR,ASESOR DOS,SECTOR INDUSTRIA,FAMILIA BETA,A,1611.11,1132.0,5
2026-05-27,2026-05-25,PED00207,CLI039,SUCURSAL SUR,ASESOR DOS,SECTOR INDUSTRIA,FAMILIA DELTA,A,2061.43,2058.8,5
2026-05-29,2026-05-25,PED00208,CLI016,SUCURSAL SUR,ASESOR UNO,SECTOR AGRO,FAMILIA DELTA,C,2273.36,2536.1,3
2026-05-29,2026-05-25,PED00209,CLI019,SUCURSAL SUR,ASESOR TRES,SECTOR AGRO,FAMILIA DELTA,B,2111.15,1486.4,4
2026-05-26,2026-05-25,PED00210,CLI018,SUCURSAL SUR,ASESOR DOS,SECTOR AGRO,FAMILIA DELTA,B,2058.04,1549.2,3
2026-05-26,2026-05-25,PED00211,CLI016,SUCURSAL SUR,ASESOR DOS,SECTOR INDUSTRIA,FAMILIA ALFA,C,1386.53,1440.5,4
2026-05-26,2026-05-25,PED00211,CLI016,SUCURSAL SUR,ASESOR DOS,SECTOR INDUSTRIA,FAMILIA DELTA,C,1833.42,1873.5,3
2026-05-28,2026-05-25,PED00212,CLI017,SUCURSAL SUR,ASESOR TRES,SECTOR INDUSTRIA,FAMILIA ALFA,C,1757.14,1600.2,1
2026-05-28,2026-05-25,PED00213,CLI016,SUCURSAL SUR,ASESOR TRES,SECTOR CONSTRUCCION,FAMILIA DELTA,B,2111.41,2654.1,2
2026-05-29,2026-05-25,PED00214,CLI019,SUCURSAL SUR,ASESOR UNO,SECTOR AGRO,FAMILIA GAMMA,B,2327.73,2768.9,2
2026-05-29,2026-05-25,PED00214,CLI019,SUCURSAL SUR,ASESOR UNO,SECTOR AGRO,FAMILIA DELTA,B,1883.56,1732.9,1
2026-05-27,2026-05-25,PED00215,CLI017,SUCURSAL ESTE,ASESOR TRES,SECTOR CONSTRUCCION,FAMILIA DELTA,A,1010.92,883.5,5
2026-05-27,2026-05-25,PED00215,CLI017,SUCURSAL ESTE,ASESOR TRES,SECTOR CONSTRUCCION,FAMILIA GAMMA,A,1575.48,1947.1,4
2026-05-27,2026-05-25,PED00216,CLI035,SUCURSAL ESTE,ASESOR UNO,SECTOR CONSTRUCCION,FAMILIA ALFA,C,774.14,546.9,1
2026-05-27,2026-05-25,PED00217,CLI035,SUCURSAL ESTE,ASESOR DOS,SECTOR INDUSTRIA,FAMILIA ALFA,C,743.79,818.8,2
2026-05-29,2026-05-25,PED00218,CLI037,SUCURSAL ESTE,ASESOR UNO,SECTOR AGRO,FAMILIA BETA,C,2398.37,2270.4,1
2026-05-25,2026-05-25,PED00219,CLI036,SUCURSAL ESTE,ASESOR UNO,SECTOR CONSTRUCCION,FAMILIA BETA,B,2746.2,2730.4,4
2026-05-25,2026-05-25,PED00220,CLI035,SUCURSAL ESTE,ASESOR TRES,SECTOR AGRO,FAMILIA GAMMA,C,1529.91,1289.6,3
2026-05-29,2026-05-25,PED00221,CLI036,SUCURSAL ESTE,ASESOR UNO,SECTOR CONSTRUCCION,FAMILIA BETA,B,2282.27,2125.7,1
2026-05-28,2026-05-25,PED00222,CLI035,SUCURSAL ESTE,ASESOR UNO,SECTOR AGRO,FAMILIA BETA,C,2095.48,1522.1,5
2026-05-27,2026-05-25,PED00223,CLI018,SUCURSAL ESTE,ASESOR UNO,SECTOR AGRO,FAMILIA GAMMA,A,2112.28,2106.6,1
2026-05-28,2026-05-25,PED00224,CLI010,SUCURSAL OESTE,ASESOR TRES,SECTOR AGRO,FAMILIA DELTA,C,970.76,1185.2,1
2026-05-25,2026-05-25,PED00225,CLI002,SUCURSAL OESTE,ASESOR UNO,SECTOR CONSTRUCCION,FAMILIA GAMMA,B,2290.01,1760.9,5
2026-05-25,2026-05-25,PED00225,CLI002,SUCURSAL OESTE,ASESOR UNO,SECTOR CONSTRUCCION,FAMILIA BETA,B,1686.14,1520.1,1
2026-05-29,2026-05-25,PED00226,CLI011,SUCURSAL OESTE,ASESOR UNO,SECTOR AGRO,FAMILIA BETA,C,1448.63,1313.5,4
2026-05-26,2026-05-25,PED00227,CLI011,SUCURSAL OESTE,ASESOR UNO,SECTOR AGRO,FAMILIA BETA,C,1228.79,1059.0,2
2026-05-26,2026-05-25,PED00228,CLI002,SUCURSAL OESTE,ASESOR TRES,SECTOR AGRO,FAMILIA BETA,B,1598.63,1480.6,5
2026-05-26,2026-05-25,PED00229,CLI010,SUCURSAL OESTE,ASESOR UNO,SECTOR AGRO,FAMILIA BETA,C,1760.38,1861.7,4
2026-05-26,2026-05-25,PED00229,CLI010,SUCURSAL OESTE,ASESOR UNO,SECTOR AGRO,FAMILIA GAMMA,C,2313.28,2130.1,2
2026-06-05,2026-06-01,PED00230,CLI009,SUCURSAL NORTE,ASESOR TRES,SECTOR INDUSTRIA,FAMILIA GAMMA,B,1763.04,2043.2,1
2026-06-01,2026-06-01,PED00231,CLI013,SUCURSAL NORTE,ASESOR TRES,SECTOR INDUSTRIA,FAMILIA ALFA,C,2390.71,2786.8,2
2026-06-01,2026-06-01,PED00232,CLI011,SUCURSAL NORTE,ASESOR DOS,SECTOR CONSTRUCCION,FAMILIA GAMMA,C,1807.66,2088.0,2
2026-06-03,2026-06-01,PED00233,CLI010,SUCURSAL NORTE,ASESOR UNO,SECTOR INDUSTRIA,FAMILIA DELTA,B,1751.03,1649.5,4
2026-06-03,2026-06-01,PED00234,CLI012,SUCURSAL NORTE,ASESOR TRES,SECTOR INDUSTRIA,FAMILIA GAMMA,C,1726.75,1896.3,3
2026-06-02,2026-06-01,PED00235,CLI014,SUCURSAL NORTE,ASESOR DOS,SECTOR CONSTRUCCION,FAMILIA DELTA,C,2229.52,1691.4,3
2026-06-02,2026-06-01,PED00235,CLI014,SUCURSAL NORTE,ASESOR DOS,SECTOR CONSTRUCCION,FAMILIA BETA,C,593.96,741.0,2
2026-06-05,2026-06-01,PED00236,CLI020,SUCURSAL NORTE,ASESOR TRES,SECTOR INDUSTRIA,FAMILIA BETA,A,774.15,614.5,1
2026-06-05,2026-06-01,PED00237,CLI012,SUCURSAL NORTE,ASESOR TRES,SECTOR AGRO,FAMILIA DELTA,C,1933.94,2427.9,5
2026-06-05,2026-06-01,PED00237,CLI012,SUCURSAL NORTE,ASESOR TRES,SECTOR AGRO,FAMILIA GAMMA,C,1513.72,1060.5,3
2026-06-02,2026-06-01,PED00238,CLI011,SUCURSAL NORTE,ASESOR UNO,SECTOR INDUSTRIA,FAMILIA ALFA,C,2476.56,2045.8,3
2026-06-05,2026-06-01,PED00239,CLI012,SUCURSAL NORTE,ASESOR TRES,SECTOR CONSTRUCCION,FAMILIA GAMMA,B,1346.75,1707.4,4
2026-06-05,2026-06-01,PED00239,CLI012,SUCURSAL NORTE,ASESOR TRES,SECTOR CONSTRUCCION,FAMILIA DELTA,B,1873.93,1694.4,5
2026-06-05,2026-06-01,PED00240,CLI014,SUCURSAL NORTE,ASESOR TRES,SECTOR INDUSTRIA,FAMILIA BETA,C,681.88,686.7,2
2026-06-02,2026-06-01,PED00241,CLI016,SUCURSAL SUR,ASESOR UNO,SECTOR CONSTRUCCION,FAMILIA BETA,C,1427.65,1213.2,1
2026-06-02,2026-06-01,PED00242,CLI016,SUCURSAL SUR,ASESOR UNO,SECTOR AGRO,FAMILIA BETA,B,1199.03,1347.9,4
2026-06-02,2026-06-01,PED00243,CLI019,SUCURSAL SUR,ASESOR UNO,SECTOR INDUSTRIA,FAMILIA GAMMA,B,2115.42,2603.7,2
2026-06-02,2026-06-01,PED00243,CLI019,SUCURSAL SUR,ASESOR UNO,SECTOR INDUSTRIA,FAMILIA DELTA,B,2062.8,1742.0,1
2026-06-02,2026-06-01,PED00244,CLI015,SUCURSAL SUR,ASESOR TRES,SECTOR AGRO,FAMILIA DELTA,C,2263.64,2136.1,2
2026-06-04,2026-06-01,PED00245,CLI018,SUCURSAL SUR,ASESOR UNO,SECTOR INDUSTRIA,FAMILIA ALFA,B,1961.04,1730.3,1
2026-06-02,2026-06-01,PED00246,CLI016,SUCURSAL SUR,ASESOR TRES,SECTOR AGRO,FAMILIA DELTA,B,2048.15,1789.5,5
2026-06-01,2026-06-01,PED00247,CLI039,SUCURSAL SUR,ASESOR UNO,SECTOR CONSTRUCCION,FAMILIA GAMMA,A,2358.56,1805.0,4
2026-06-01,2026-06-01,PED00247,CLI039,SUCURSAL SUR,ASESOR UNO,SECTOR CONSTRUCCION,FAMILIA DELTA,A,2357.11,2340.6,5
2026-06-03,2026-06-01,PED00248,CLI016,SUCURSAL SUR,ASESOR DOS,SECTOR CONSTRUCCION,FAMILIA GAMMA,B,2440.83,1823.0,1
2026-06-03,2026-06-01,PED00249,CLI016,SUCURSAL SUR,ASESOR UNO,SECTOR AGRO,FAMILIA BETA,C,1179.74,1334.7,3
2026-06-03,2026-06-01,PED00250,CLI017,SUCURSAL ESTE,ASESOR DOS,SECTOR AGRO,FAMILIA BETA,A,2376.64,2190.2,3
2026-06-01,2026-06-01,PED00251,CLI018,SUCURSAL ESTE,ASESOR UNO,SECTOR CONSTRUCCION,FAMILIA DELTA,A,1171.78,931.0,3
2026-06-01,2026-06-01,PED00251,CLI018,SUCURSAL ESTE,ASESOR UNO,SECTOR CONSTRUCCION,FAMILIA BETA,A,2424.61,2608.6,2
2026-06-04,2026-06-01,PED00252,CLI018,SUCURSAL ESTE,ASESOR TRES,SECTOR CONSTRUCCION,FAMILIA ALFA,A,819.85,809.7,2
2026-06-02,2026-06-01,PED00253,CLI018,SUCURSAL ESTE,ASESOR TRES,SECTOR AGRO,FAMILIA ALFA,A,723.21,689.0,3
2026-06-02,2026-06-01,PED00254,CLI016,SUCURSAL ESTE,ASESOR UNO,SECTOR AGRO,FAMILIA ALFA,A,702.65,729.4,3
2026-06-05,2026-06-01,PED00255,CLI038,SUCURSAL ESTE,ASESOR TRES,SECTOR CONSTRUCCION,FAMILIA BETA,B,2770.92,3538.7,5
2026-06-05,2026-06-01,PED00256,CLI037,SUCURSAL ESTE,ASESOR UNO,SECTOR CONSTRUCCION,FAMILIA DELTA,C,1384.28,1368.3,2
2026-06-02,2026-06-01,PED00257,CLI036,SUCURSAL ESTE,ASESOR DOS,SECTOR AGRO,FAMILIA DELTA,B,1261.71,994.4,5
2026-06-03,2026-06-01,PED00258,CLI038,SUCURSAL ESTE,ASESOR DOS,SECTOR INDUSTRIA,FAMILIA DELTA,C,1123.41,863.4,2
2026-06-03,2026-06-01,PED00259,CLI036,SUCURSAL ESTE,ASESOR UNO,SECTOR INDUSTRIA,FAMILIA BETA,C,2357.67,2006.2,4
2026-06-05,2026-06-01,PED00260,CLI036,SUCURSAL ESTE,ASESOR UNO,SECTOR INDUSTRIA,FAMILIA ALFA,B,770.62,909.5,2
2026-06-05,2026-06-01,PED00260,CLI036,SUCURSAL ESTE,ASESOR UNO,SECTOR INDUSTRIA,FAMILIA BETA,B,2667.62,2748.5,1
2026-06-05,2026-06-01,PED00261,CLI012,SUCURSAL OESTE,ASESOR UNO,SECTOR AGRO,FAMILIA BETA,C,1505.01,1753.3,2
2026-06-01,2026-06-01,PED00262,CLI012,SUCURSAL OESTE,ASESOR DOS,SECTOR INDUSTRIA,FAMILIA ALFA,A,1621.16,2064.3,4
2026-06-01,2026-06-01,PED00263,CLI012,SUCURSAL OESTE,ASESOR DOS,SECTOR CONSTRUCCION,FAMILIA BETA,C,1504.97,1882.0,3
2026-06-01,2026-06-01,PED00264,CLI011,SUCURSAL OESTE,ASESOR UNO,SECTOR AGRO,FAMILIA ALFA,C,1423.81,1626.5,3
2026-06-01,2026-06-01,PED00264,CLI011,SUCURSAL OESTE,ASESOR UNO,SECTOR AGRO,FAMILIA DELTA,C,1306.45,948.6,5
2026-06-05,2026-06-01,PED00265,CLI003,SUCURSAL OESTE,ASESOR DOS,SECTOR CONSTRUCCION,FAMILIA BETA,B,1323.9,1080.2,4
2026-06-04,2026-06-01,PED00266,CLI001,SUCURSAL OESTE,ASESOR UNO,SECTOR INDUSTRIA,FAMILIA GAMMA,B,1953.63,2017.2,3
2026-06-05,2026-06-01,PED00267,CLI002,SUCURSAL OESTE,ASESOR TRES,SECTOR INDUSTRIA,FAMILIA GAMMA,B,1800.34,1630.1,2
2026-06-05,2026-06-01,PED00267,CLI002,SUCURSAL OESTE,ASESOR TRES,SECTOR INDUSTRIA,FAMILIA BETA,B,1460.47,1446.4,1
2026-06-04,2026-06-01,PED00268,CLI014,SUCURSAL OESTE,ASESOR UNO,SECTOR CONSTRUCCION,FAMILIA DELTA,A,1070.02,1364.0,5
2026-06-04,2026-06-01,PED00268,CLI014,SUCURSAL OESTE,ASESOR UNO,SECTOR CONSTRUCCION,FAMILIA BETA,A,1218.96,1094.1,2
2026-06-02,2026-06-01,PED00269,CLI009,SUCURSAL OESTE,ASESOR DOS,SECTOR CONSTRUCCION,FAMILIA GAMMA,C,2438.16,2191.5,4
2026-06-10,2026-06-08,PED00270,CLI023,SUCURSAL NORTE,ASESOR DOS,SECTOR AGRO,FAMILIA BETA,A,690.6,892.1,1
2026-06-10,2026-06-08,PED00271,CLI012,SUCURSAL NORTE,ASESOR TRES,SECTOR CONSTRUCCION,FAMILIA ALFA,C,2218.0,1901.4,5
2026-06-08,2026-06-08,PED00272,CLI012,SUCURSAL NORTE,ASESOR TRES,SECTOR INDUSTRIA,FAMILIA ALFA,C,2461.36,2657.9,1
2026-06-08,2026-06-08,PED00272,CLI012,SUCURSAL NORTE,ASESOR TRES,SECTOR INDUSTRIA,FAMILIA DELTA,C,1812.82,1575.3,2
2026-06-10,2026-06-08,PED00273,CLI022,SUCURSAL NORTE,ASESOR UNO,SECTOR INDUSTRIA,FAMILIA BETA,A,660.0,680.1,4
2026-06-11,2026-06-08,PED00274,CLI013,SUCURSAL NORTE,ASESOR DOS,SECTOR CONSTRUCCION,FAMILIA BETA,C,788.83,1023.9,2
2026-06-11,2026-06-08,PED00275,CLI023,SUCURSAL NORTE,ASESOR UNO,SECTOR CONSTRUCCION,FAMILIA GAMMA,A,1887.76,1986.1,2
2026-06-08,2026-06-08,PED00276,CLI011,SUCURSAL NORTE,ASESOR DOS,SECTOR INDUSTRIA,FAMILIA ALFA,B,1932.98,2026.3,4
2026-06-08,2026-06-08,PED00276,CLI011,SUCURSAL NORTE,ASESOR DOS,SECTOR INDUSTRIA,FAMILIA GAMMA,B,1518.84,1768.9,4
2026-06-09,2026-06-08,PED00277,CLI013,SUCURSAL NORTE,ASESOR TRES,SECTOR CONSTRUCCION,FAMILIA GAMMA,C,1640.95,1895.5,3
2026-06-11,2026-06-08,PED00278,CLI020,SUCURSAL NORTE,ASESOR UNO,SECTOR INDUSTRIA,FAMILIA GAMMA,A,1845.61,2009.6,2
2026-06-12,2026-06-08,PED00279,CLI021,SUCURSAL NORTE,ASESOR UNO,SECTOR INDUSTRIA,FAMILIA ALFA,A,2492.56,3054.2,3
2026-06-12,2026-06-08,PED00280,CLI022,SUCURSAL NORTE,ASESOR TRES,SECTOR CONSTRUCCION,FAMILIA ALFA,A,2342.11,2936.4,2
2026-06-11,2026-06-08,PED00281,CLI039,SUCURSAL SUR,ASESOR DOS,SECTOR INDUSTRIA,FAMILIA GAMMA,A,2000.54,2436.6,1
2026-06-12,2026-06-08,PED00282,CLI017,SUCURSAL SUR,ASESOR UNO,SECTOR INDUSTRIA,FAMILIA DELTA,C,2290.61,1638.8,3
2026-06-11,2026-06-08,PED00283,CLI014,SUCURSAL SUR,ASESOR TRES,SECTOR INDUSTRIA,FAMILIA GAMMA,C,1984.14,1411.0,2
2026-06-10,2026-06-08,PED00284,CLI014,SUCURSAL SUR,ASESOR UNO,SECTOR INDUSTRIA,FAMILIA DELTA,C,2023.82,2131.3,5
2026-06-10,2026-06-08,PED00284,CLI014,SUCURSAL SUR,ASESOR UNO,SECTOR INDUSTRIA,FAMILIA BETA,C,1208.49,1557.5,5
2026-06-11,2026-06-08,PED00285,CLI016,SUCURSAL SUR,ASESOR DOS,SECTOR CONSTRUCCION,FAMILIA GAMMA,C,2550.8,3281.4,4
2026-06-11,2026-06-08,PED00285,CLI016,SUCURSAL SUR,ASESOR DOS,SECTOR CONSTRUCCION,FAMILIA DELTA,C,2040.27,1870.5,5
2026-06-08,2026-06-08,PED00286,CLI019,SUCURSAL SUR,ASESOR DOS,SECTOR CONSTRUCCION,FAMILIA GAMMA,B,1978.55,2131.6,4
2026-06-08,2026-06-08,PED00287,CLI014,SUCURSAL SUR,ASESOR UNO,SECTOR CONSTRUCCION,FAMILIA BETA,C,1434.01,1160.2,5
2026-06-09,2026-06-08,PED00288,CLI037,SUCURSAL SUR,ASESOR DOS,SECTOR INDUSTRIA,FAMILIA GAMMA,A,2555.86,2161.1,4
2026-06-11,2026-06-08,PED00289,CLI038,SUCURSAL ESTE,ASESOR TRES,SECTOR AGRO,FAMILIA ALFA,C,606.2,691.1,1
2026-06-08,2026-06-08,PED00290,CLI037,SUCURSAL ESTE,ASESOR TRES,SECTOR AGRO,FAMILIA DELTA,C,1129.77,1413.9,2
2026-06-09,2026-06-08,PED00291,CLI018,SUCURSAL ESTE,ASESOR UNO,SECTOR AGRO,FAMILIA BETA,A,2166.94,2070.2,3
2026-06-11,2026-06-08,PED00292,CLI037,SUCURSAL ESTE,ASESOR DOS,SECTOR AGRO,FAMILIA GAMMA,B,2014.37,1751.6,3
2026-06-11,2026-06-08,PED00292,CLI037,SUCURSAL ESTE,ASESOR DOS,SECTOR AGRO,FAMILIA ALFA,B,576.33,705.0,2
2026-06-09,2026-06-08,PED00293,CLI038,SUCURSAL ESTE,ASESOR UNO,SECTOR AGRO,FAMILIA BETA,C,2656.31,3031.7,1
2026-06-10,2026-06-08,PED00294,CLI037,SUCURSAL ESTE,ASESOR DOS,SECTOR CONSTRUCCION,FAMILIA ALFA,B,618.89,772.1,2
2026-06-08,2026-06-08,PED00295,CLI038,SUCURSAL ESTE,ASESOR DOS,SECTOR CONSTRUCCION,FAMILIA DELTA,B,1123.8,1065.9,4
2026-06-08,2026-06-08,PED00295,CLI038,SUCURSAL ESTE,ASESOR DOS,SECTOR CONSTRUCCION,FAMILIA GAMMA,B,2056.56,2648.4,1
2026-06-08,2026-06-08,PED00296,CLI036,SUCURSAL ESTE,ASESOR TRES,SECTOR CONSTRUCCION,FAMILIA BETA,B,2398.73,2684.3,1
2026-06-11,2026-06-08,PED00297,CLI009,SUCURSAL OESTE,ASESOR DOS,SECTOR CONSTRUCCION,FAMILIA DELTA,C,1045.91,1162.3,2
2026-06-11,2026-06-08,PED00297,CLI009,SUCURSAL OESTE,ASESOR DOS,SECTOR CONSTRUCCION,FAMILIA ALFA,C,1579.92,1623.1,1
2026-06-10,2026-06-08,PED00298,CLI009,SUCURSAL OESTE,ASESOR TRES,SECTOR AGRO,FAMILIA BETA,C,1216.91,1365.6,1
2026-06-10,2026-06-08,PED00298,CLI009,SUCURSAL OESTE,ASESOR TRES,SECTOR AGRO,FAMILIA GAMMA,C,2024.6,1500.9,1
2026-06-10,2026-06-08,PED00299,CLI013,SUCURSAL OESTE,ASESOR UNO,SECTOR INDUSTRIA,FAMILIA ALFA,A,1591.87,1633.9,5
2026-06-11,2026-06-08,PED00300,CLI003,SUCURSAL OESTE,ASESOR DOS,SECTOR INDUSTRIA,FAMILIA DELTA,B,1143.83,904.5,4
2026-06-09,2026-06-08,PED00301,CLI009,SUCURSAL OESTE,ASESOR DOS,SECTOR CONSTRUCCION,FAMILIA GAMMA,C,2408.14,2740.5,2
2026-06-15,2026-06-15,PED00302,CLI020,SUCURSAL NORTE,ASESOR TRES,SECTOR CONSTRUCCION,FAMILIA GAMMA,A,1730.12,1670.4,3
2026-06-19,2026-06-15,PED00303,CLI023,SUCURSAL NORTE,ASESOR DOS,SECTOR INDUSTRIA,FAMILIA DELTA,A,1714.26,1847.5,4
2026-06-19,2026-06-15,PED00304,CLI022,SUCURSAL NORTE,ASESOR DOS,SECTOR INDUSTRIA,FAMILIA GAMMA,A,1335.19,1573.4,2
2026-06-17,2026-06-15,PED00305,CLI012,SUCURSAL NORTE,ASESOR TRES,SECTOR AGRO,FAMILIA DELTA,B,1972.25,2563.2,1
2026-06-17,2026-06-15,PED00306,CLI010,SUCURSAL NORTE,ASESOR TRES,SECTOR AGRO,FAMILIA BETA,B,604.41,663.1,2
2026-06-17,2026-06-15,PED00307,CLI011,SUCURSAL NORTE,ASESOR TRES,SECTOR INDUSTRIA,FAMILIA DELTA,C,1628.79,1290.5,3
2026-06-18,2026-06-15,PED00308,CLI011,SUCURSAL NORTE,ASESOR DOS,SECTOR CONSTRUCCION,FAMILIA GAMMA,B,1543.69,2004.0,1
2026-06-19,2026-06-15,PED00309,CLI010,SUCURSAL NORTE,ASESOR DOS,SECTOR INDUSTRIA,FAMILIA BETA,B,664.63,672.9,2
2026-06-17,2026-06-15,PED00310,CLI012,SUCURSAL NORTE,ASESOR TRES,SECTOR AGRO,FAMILIA BETA,B,561.83,480.8,5
2026-06-17,2026-06-15,PED00311,CLI018,SUCURSAL SUR,ASESOR DOS,SECTOR INDUSTRIA,FAMILIA DELTA,B,1667.21,1803.4,1
2026-06-19,2026-06-15,PED00312,CLI018,SUCURSAL SUR,ASESOR UNO,SECTOR CONSTRUCCION,FAMILIA ALFA,B,1654.08,1522.3,3
2026-06-19,2026-06-15,PED00312,CLI018,SUCURSAL SUR,ASESOR UNO,SECTOR CONSTRUCCION,FAMILIA GAMMA,B,2732.2,2619.0,5
2026-06-19,2026-06-15,PED00313,CLI017,SUCURSAL SUR,ASESOR DOS,SECTOR AGRO,FAMILIA GAMMA,B,1898.29,1560.2,1
2026-06-18,2026-06-15,PED00314,CLI019,SUCURSAL SUR,ASESOR UNO,SECTOR AGRO,FAMILIA ALFA,B,1755.83,1716.4,4
2026-06-18,2026-06-15,PED00314,CLI019,SUCURSAL SUR,ASESOR UNO,SECTOR AGRO,FAMILIA DELTA,B,2153.19,2070.7,4
2026-06-16,2026-06-15,PED00315,CLI019,SUCURSAL SUR,ASESOR UNO,SECTOR CONSTRUCCION,FAMILIA ALFA,B,1808.38,2069.3,4
2026-06-19,2026-06-15,PED00316,CLI016,SUCURSAL SUR,ASESOR TRES,SECTOR CONSTRUCCION,FAMILIA DELTA,C,2208.15,1702.2,2
2026-06-18,2026-06-15,PED00317,CLI014,SUCURSAL SUR,ASESOR UNO,SECTOR INDUSTRIA,FAMILIA BETA,C,1439.15,1054.9,2
2026-06-19,2026-06-15,PED00318,CLI038,SUCURSAL ESTE,ASESOR DOS,SECTOR CONSTRUCCION,FAMILIA DELTA,C,1320.54,1615.2,2
2026-06-16,2026-06-15,PED00319,CLI015,SUCURSAL ESTE,ASESOR DOS,SECTOR AGRO,FAMILIA GAMMA,A,1614.41,1433.3,3
2026-06-16,2026-06-15,PED00319,CLI015,SUCURSAL ESTE,ASESOR DOS,SECTOR AGRO,FAMILIA DELTA,A,1248.86,1098.1,4
2026-06-17,2026-06-15,PED00320,CLI037,SUCURSAL ESTE,ASESOR TRES,SECTOR AGRO,FAMILIA DELTA,C,1313.56,1594.6,3
2026-06-19,2026-06-15,PED00321,CLI016,SUCURSAL ESTE,ASESOR DOS,SECTOR CONSTRUCCION,FAMILIA DELTA,A,1245.28,1402.1,2
2026-06-17,2026-06-15,PED00322,CLI036,SUCURSAL ESTE,ASESOR DOS,SECTOR AGRO,FAMILIA ALFA,B,692.81,719.8,3
2026-06-17,2026-06-15,PED00323,CLI039,SUCURSAL ESTE,ASESOR UNO,SECTOR AGRO,FAMILIA BETA,B,2610.77,2755.0,4
2026-06-15,2026-06-15,PED00324,CLI037,SUCURSAL ESTE,ASESOR DOS,SECTOR INDUSTRIA,FAMILIA ALFA,B,589.28,717.5,1
2026-06-18,2026-06-15,PED00325,CLI016,SUCURSAL ESTE,ASESOR TRES,SECTOR AGRO,FAMILIA GAMMA,A,1999.46,2040.8,2
2026-06-18,2026-06-15,PED00326,CLI036,SUCURSAL ESTE,ASESOR UNO,SECTOR INDUSTRIA,FAMILIA ALFA,B,848.67,805.2,3
2026-06-16,2026-06-15,PED00327,CLI011,SUCURSAL OESTE,ASESOR TRES,SECTOR AGRO,FAMILIA DELTA,A,1100.94,924.4,5
2026-06-17,2026-06-15,PED00328,CLI010,SUCURSAL OESTE,ASESOR DOS,SECTOR INDUSTRIA,FAMILIA GAMMA,C,2540.13,2009.6,2
2026-06-17,2026-06-15,PED00328,CLI010,SUCURSAL OESTE,ASESOR DOS,SECTOR INDUSTRIA,FAMILIA DELTA,C,1147.92,826.2,4
2026-06-16,2026-06-15,PED00329,CLI001,SUCURSAL OESTE,ASESOR UNO,SECTOR INDUSTRIA,FAMILIA BETA,B,1426.81,1580.0,1
2026-06-19,2026-06-15,PED00330,CLI012,SUCURSAL OESTE,ASESOR UNO,SECTOR AGRO,FAMILIA GAMMA,A,2225.98,1581.9,4
2026-06-19,2026-06-15,PED00331,CLI003,SUCURSAL OESTE,ASESOR UNO,SECTOR CONSTRUCCION,FAMILIA ALFA,B,1320.79,1297.4,2
2026-06-15,2026-06-15,PED00332,CLI011,SUCURSAL OESTE,ASESOR TRES,SECTOR AGRO,FAMILIA BETA,A,1559.92,1138.8,3
2026-06-17,2026-06-15,PED00333,CLI003,SUCURSAL OESTE,ASESOR DOS,SECTOR AGRO,FAMILIA GAMMA,B,2511.25,2848.3,4
2026-06-19,2026-06-15,PED00334,CLI010,SUCURSAL OESTE,ASESOR UNO,SECTOR INDUSTRIA,FAMILIA ALFA,C,1220.24,1230.0,1
2026-06-22,2026-06-22,PED00335,CLI022,SUCURSAL NORTE,ASESOR TRES,SECTOR INDUSTRIA,FAMILIA BETA,A,662.53,727.2,1
2026-06-24,2026-06-22,PED00336,CLI014,SUCURSAL NORTE,ASESOR DOS,SECTOR CONSTRUCCION,FAMILIA ALFA,C,1868.92,1575.9,2
2026-06-24,2026-06-22,PED00337,CLI009,SUCURSAL NORTE,ASESOR DOS,SECTOR AGRO,FAMILIA BETA,B,721.2,523.0,3
2026-06-23,2026-06-22,PED00338,CLI010,SUCURSAL NORTE,ASESOR DOS,SECTOR CONSTRUCCION,FAMILIA BETA,B,565.84,716.4,4
2026-06-23,2026-06-22,PED00338,CLI010,SUCURSAL NORTE,ASESOR DOS,SECTOR CONSTRUCCION,FAMILIA ALFA,B,2476.78,2776.1,2
2026-06-23,2026-06-22,PED00339,CLI010,SUCURSAL NORTE,ASESOR TRES,SECTOR INDUSTRIA,FAMILIA ALFA,B,2123.31,2146.4,3
2026-06-23,2026-06-22,PED00339,CLI010,SUCURSAL NORTE,ASESOR TRES,SECTOR INDUSTRIA,FAMILIA BETA,B,721.6,557.4,5
2026-06-23,2026-06-22,PED00340,CLI009,SUCURSAL NORTE,ASESOR UNO,SECTOR CONSTRUCCION,FAMILIA GAMMA,B,1922.21,1393.1,5
2026-06-22,2026-06-22,PED00341,CLI013,SUCURSAL NORTE,ASESOR TRES,SECTOR CONSTRUCCION,FAMILIA DELTA,C,2240.87,1583.1,4
2026-06-22,2026-06-22,PED00341,CLI013,SUCURSAL NORTE,ASESOR TRES,SECTOR CONSTRUCCION,FAMILIA GAMMA,C,1795.69,1291.7,2
2026-06-23,2026-06-22,PED00342,CLI010,SUCURSAL NORTE,ASESOR UNO,SECTOR INDUSTRIA,FAMILIA BETA,B,617.25,513.4,3
2026-06-23,2026-06-22,PED00342,CLI010,SUCURSAL NORTE,ASESOR UNO,SECTOR INDUSTRIA,FAMILIA ALFA,B,2403.07,1778.6,1
2026-06-22,2026-06-22,PED00343,CLI011,SUCURSAL NORTE,ASESOR DOS,SECTOR CONSTRUCCION,FAMILIA ALFA,B,2543.28,1857.1,3
2026-06-22,2026-06-22,PED00343,CLI011,SUCURSAL NORTE,ASESOR DOS,SECTOR CONSTRUCCION,FAMILIA DELTA,B,2137.89,1615.0,3
2026-06-25,2026-06-22,PED00344,CLI014,SUCURSAL NORTE,ASESOR TRES,SECTOR CONSTRUCCION,FAMILIA GAMMA,C,1871.84,2147.0,5
2026-06-26,2026-06-22,PED00345,CLI011,SUCURSAL NORTE,ASESOR UNO,SECTOR AGRO,FAMILIA ALFA,B,1834.76,2146.5,3
2026-06-25,2026-06-22,PED00346,CLI015,SUCURSAL SUR,ASESOR UNO,SECTOR CONSTRUCCION,FAMILIA ALFA,C,1619.87,1895.7,3
2026-06-24,2026-06-22,PED00347,CLI015,SUCURSAL SUR,ASESOR DOS,SECTOR AGRO,FAMILIA DELTA,C,2226.54,1564.6,4
2026-06-25,2026-06-22,PED00348,CLI017,SUCURSAL SUR,ASESOR TRES,SECTOR CONSTRUCCION,FAMILIA GAMMA,C,2260.89,2037.6,2
2026-06-26,2026-06-22,PED00349,CLI019,SUCURSAL SUR,ASESOR UNO,SECTOR AGRO,FAMILIA GAMMA,B,1920.94,1657.0,4
2026-06-22,2026-06-22,PED00350,CLI017,SUCURSAL SUR,ASESOR DOS,SECTOR INDUSTRIA,FAMILIA ALFA,B,1608.79,1991.5,4
2026-06-23,2026-06-22,PED00351,CLI016,SUCURSAL SUR,ASESOR DOS,SECTOR AGRO,FAMILIA DELTA,C,1840.39,1640.0,5
2026-06-25,2026-06-22,PED00352,CLI015,SUCURSAL SUR,ASESOR TRES,SECTOR CONSTRUCCION,FAMILIA ALFA,C,1932.38,1473.0,2
2026-06-22,2026-06-22,PED00353,CLI038,SUCURSAL ESTE,ASESOR TRES,SECTOR INDUSTRIA,FAMILIA DELTA,B,1372.93,1697.3,4
2026-06-22,2026-06-22,PED00353,CLI038,SUCURSAL ESTE,ASESOR TRES,SECTOR INDUSTRIA,FAMILIA ALFA,B,597.03,641.5,4
2026-06-26,2026-06-22,PED00354,CLI039,SUCURSAL ESTE,ASESOR DOS,SECTOR AGRO,FAMILIA ALFA,B,718.46,659.7,1
2026-06-26,2026-06-22,PED00354,CLI039,SUCURSAL ESTE,ASESOR DOS,SECTOR AGRO,FAMILIA GAMMA,B,1467.86,1762.7,1
2026-06-26,2026-06-22,PED00355,CLI037,SUCURSAL ESTE,ASESOR TRES,SECTOR AGRO,FAMILIA ALFA,B,713.96,502.8,3
2026-06-26,2026-06-22,PED00355,CLI037,SUCURSAL ESTE,ASESOR TRES,SECTOR AGRO,FAMILIA BETA,B,1997.84,2102.8,5
2026-06-26,2026-06-22,PED00356,CLI036,SUCURSAL ESTE,ASESOR TRES,SECTOR CONSTRUCCION,FAMILIA GAMMA,C,1874.84,1584.3,5
2026-06-22,2026-06-22,PED00357,CLI039,SUCURSAL ESTE,ASESOR UNO,SECTOR AGRO,FAMILIA DELTA,B,1389.07,1563.8,3
2026-06-22,2026-06-22,PED00357,CLI039,SUCURSAL ESTE,ASESOR UNO,SECTOR AGRO,FAMILIA BETA,B,2165.23,2598.5,4
2026-06-23,2026-06-22,PED00358,CLI037,SUCURSAL ESTE,ASESOR UNO,SECTOR INDUSTRIA,FAMILIA ALFA,B,621.83,710.8,2
2026-06-25,2026-06-22,PED00359,CLI037,SUCURSAL ESTE,ASESOR TRES,SECTOR AGRO,FAMILIA GAMMA,C,1560.75,1382.3,4
2026-06-25,2026-06-22,PED00359,CLI037,SUCURSAL ESTE,ASESOR TRES,SECTOR AGRO,FAMILIA DELTA,C,1030.12,919.4,4
2026-06-25,2026-06-22,PED00360,CLI037,SUCURSAL ESTE,ASESOR DOS,SECTOR CONSTRUCCION,FAMILIA DELTA,C,1062.7,873.9,5
2026-06-24,2026-06-22,PED00361,CLI036,SUCURSAL ESTE,ASESOR DOS,SECTOR INDUSTRIA,FAMILIA GAMMA,C,1967.45,1932.3,5
2026-06-25,2026-06-22,PED00362,CLI037,SUCURSAL ESTE,ASESOR TRES,SECTOR AGRO,FAMILIA DELTA,C,1185.76,1035.2,1
2026-06-24,2026-06-22,PED00363,CLI013,SUCURSAL OESTE,ASESOR DOS,SECTOR CONSTRUCCION,FAMILIA GAMMA,A,2025.38,1713.5,1
2026-06-22,2026-06-22,PED00364,CLI012,SUCURSAL OESTE,ASESOR TRES,SECTOR CONSTRUCCION,FAMILIA BETA,C,1277.99,1448.9,1
2026-06-22,2026-06-22,PED00364,CLI012,SUCURSAL OESTE,ASESOR TRES,SECTOR CONSTRUCCION,FAMILIA GAMMA,C,2480.5,2323.5,3
2026-06-24,2026-06-22,PED00365,CLI003,SUCURSAL OESTE,ASESOR DOS,SECTOR AGRO,FAMILIA BETA,B,1606.38,1523.1,3
2026-06-24,2026-06-22,PED00365,CLI003,SUCURSAL OESTE,ASESOR DOS,SECTOR AGRO,FAMILIA GAMMA,B,1907.41,1722.8,1
2026-06-26,2026-06-22,PED00366,CLI002,SUCURSAL OESTE,ASESOR DOS,SECTOR CONSTRUCCION,FAMILIA BETA,B,1511.29,1306.2,2
2026-06-26,2026-06-22,PED00367,CLI010,SUCURSAL OESTE,ASESOR UNO,SECTOR CONSTRUCCION,FAMILIA GAMMA,C,2591.54,2969.4,4
2026-06-26,2026-06-22,PED00368,CLI012,SUCURSAL OESTE,ASESOR DOS,SECTOR CONSTRUCCION,FAMILIA ALFA,C,1562.91,1571.4,5
2026-06-26,2026-06-22,PED00368,CLI012,SUCURSAL OESTE,ASESOR DOS,SECTOR CONSTRUCCION,FAMILIA GAMMA,C,1978.5,1650.7,1
2026-06-24,2026-06-22,PED00369,CLI009,SUCURSAL OESTE,ASESOR DOS,SECTOR INDUSTRIA,FAMILIA ALFA,C,1273.1,1619.8,2
2026-07-01,2026-06-29,PED00370,CLI014,SUCURSAL NORTE,ASESOR DOS,SECTOR INDUSTRIA,FAMILIA DELTA,C,1987.24,2101.3,1
2026-07-02,2026-06-29,PED00371,CLI011,SUCURSAL NORTE,ASESOR UNO,SECTOR INDUSTRIA,FAMILIA GAMMA,C,1910.46,1945.6,2
2026-07-01,2026-06-29,PED00372,CLI012,SUCURSAL NORTE,ASESOR UNO,SECTOR INDUSTRIA,FAMILIA ALFA,C,2464.72,1767.3,5
2026-07-01,2026-06-29,PED00372,CLI012,SUCURSAL NORTE,ASESOR UNO,SECTOR INDUSTRIA,FAMILIA DELTA,C,1740.05,1608.9,3
2026-07-02,2026-06-29,PED00373,CLI014,SUCURSAL NORTE,ASESOR TRES,SECTOR CONSTRUCCION,FAMILIA DELTA,C,1708.0,2084.8,1
2026-06-29,2026-06-29,PED00374,CLI011,SUCURSAL NORTE,ASESOR DOS,SECTOR INDUSTRIA,FAMILIA BETA,B,682.72,874.9,5
2026-06-29,2026-06-29,PED00375,CLI010,SUCURSAL NORTE,ASESOR DOS,SECTOR CONSTRUCCION,FAMILIA GAMMA,B,1778.26,1326.3,5
2026-07-01,2026-06-29,PED00376,CLI012,SUCURSAL NORTE,ASESOR UNO,SECTOR AGRO,FAMILIA GAMMA,C,1770.59,2246.8,5
2026-07-02,2026-06-29,PED00377,CLI021,SUCURSAL NORTE,ASESOR TRES,SECTOR CONSTRUCCION,FAMILIA GAMMA,A,1648.22,1774.4,5
2026-07-01,2026-06-29,PED00378,CLI037,SUCURSAL SUR,ASESOR DOS,SECTOR AGRO,FAMILIA ALFA,A,1899.2,1848.0,1
2026-07-02,2026-06-29,PED00379,CLI016,SUCURSAL SUR,ASESOR DOS,SECTOR CONSTRUCCION,FAMILIA ALFA,C,1971.82,2320.5,4
2026-07-03,2026-06-29,PED00380,CLI018,SUCURSAL SUR,ASESOR UNO,SECTOR CONSTRUCCION,FAMILIA GAMMA,B,2071.79,1476.6,2
2026-07-02,2026-06-29,PED00381,CLI017,SUCURSAL SUR,ASESOR TRES,SECTOR AGRO,FAMILIA DELTA,C,1701.09,1203.9,2
2026-06-29,2026-06-29,PED00382,CLI016,SUCURSAL SUR,ASESOR TRES,SECTOR INDUSTRIA,FAMILIA ALFA,B,1882.87,1548.4,5
2026-06-29,2026-06-29,PED00382,CLI016,SUCURSAL SUR,ASESOR TRES,SECTOR INDUSTRIA,FAMILIA BETA,B,1422.18,1056.1,3
2026-07-02,2026-06-29,PED00383,CLI017,SUCURSAL SUR,ASESOR DOS,SECTOR INDUSTRIA,FAMILIA BETA,C,1259.0,1565.5,4
2026-07-02,2026-06-29,PED00383,CLI017,SUCURSAL SUR,ASESOR DOS,SECTOR INDUSTRIA,FAMILIA ALFA,C,1950.74,1480.3,2
2026-06-29,2026-06-29,PED00384,CLI019,SUCURSAL SUR,ASESOR UNO,SECTOR AGRO,FAMILIA ALFA,B,1937.94,1553.0,2
2026-07-03,2026-06-29,PED00385,CLI019,SUCURSAL SUR,ASESOR TRES,SECTOR INDUSTRIA,FAMILIA DELTA,B,2071.98,1528.4,2
2026-06-29,2026-06-29,PED00386,CLI036,SUCURSAL ESTE,ASESOR UNO,SECTOR AGRO,FAMILIA BETA,C,2611.01,1887.3,1
2026-06-29,2026-06-29,PED00387,CLI036,SUCURSAL ESTE,ASESOR DOS,SECTOR CONSTRUCCION,FAMILIA DELTA,C,956.97,938.5,4
2026-06-29,2026-06-29,PED00387,CLI036,SUCURSAL ESTE,ASESOR DOS,SECTOR CONSTRUCCION,FAMILIA BETA,C,2568.53,1958.0,1
2026-07-03,2026-06-29,PED00388,CLI036,SUCURSAL ESTE,ASESOR UNO,SECTOR CONSTRUCCION,FAMILIA ALFA,C,721.82,919.7,4
2026-07-03,2026-06-29,PED00389,CLI035,SUCURSAL ESTE,ASESOR UNO,SECTOR CONSTRUCCION,FAMILIA ALFA,C,778.23,853.6,5
2026-07-03,2026-06-29,PED00390,CLI036,SUCURSAL ESTE,ASESOR DOS,SECTOR AGRO,FAMILIA ALFA,B,813.81,965.9,4
2026-07-03,2026-06-29,PED00390,CLI036,SUCURSAL ESTE,ASESOR DOS,SECTOR AGRO,FAMILIA DELTA,B,1035.47,1164.8,2
2026-07-03,2026-06-29,PED00391,CLI035,SUCURSAL ESTE,ASESOR TRES,SECTOR AGRO,FAMILIA ALFA,C,600.46,506.4,1
2026-07-01,2026-06-29,PED00392,CLI038,SUCURSAL ESTE,ASESOR UNO,SECTOR AGRO,FAMILIA GAMMA,B,1975.81,1391.3,1
2026-07-03,2026-06-29,PED00393,CLI036,SUCURSAL ESTE,ASESOR UNO,SECTOR CONSTRUCCION,FAMILIA DELTA,C,1370.67,1432.0,2
2026-06-30,2026-06-29,PED00394,CLI009,SUCURSAL OESTE,ASESOR UNO,SECTOR CONSTRUCCION,FAMILIA DELTA,C,1046.31,1324.3,4
2026-06-30,2026-06-29,PED00394,CLI009,SUCURSAL OESTE,ASESOR UNO,SECTOR CONSTRUCCION,FAMILIA ALFA,C,1353.28,1056.2,3
2026-06-30,2026-06-29,PED00395,CLI001,SUCURSAL OESTE,ASESOR DOS,SECTOR CONSTRUCCION,FAMILIA DELTA,B,1325.92,1593.9,3
2026-07-01,2026-06-29,PED00396,CLI011,SUCURSAL OESTE,ASESOR DOS,SECTOR CONSTRUCCION,FAMILIA GAMMA,A,2611.29,2342.9,2
2026-06-29,2026-06-29,PED00397,CLI001,SUCURSAL OESTE,ASESOR DOS,SECTOR CONSTRUCCION,FAMILIA GAMMA,B,2348.52,2161.3,5
2026-06-29,2026-06-29,PED00397,CLI001,SUCURSAL OESTE,ASESOR DOS,SECTOR CONSTRUCCION,FAMILIA BETA,B,1245.95,1214.6,2
2026-07-02,2026-06-29,PED00398,CLI010,SUCURSAL OESTE,ASESOR TRES,SECTOR CONSTRUCCION,FAMILIA ALFA,C,1327.42,1158.1,1
2026-07-02,2026-06-29,PED00398,CLI010,SUCURSAL OESTE,ASESOR TRES,SECTOR CONSTRUCCION,FAMILIA GAMMA,C,2426.58,2326.7,1
2026-07-08,2026-07-06,PED00399,CLI012,SUCURSAL NORTE,ASESOR TRES,SECTOR AGRO,FAMILIA BETA,C,633.8,454.2,2
2026-07-08,2026-07-06,PED00399,CLI012,SUCURSAL NORTE,ASESOR TRES,SECTOR AGRO,FAMILIA DELTA,C,2026.28,2170.1,5
2026-07-09,2026-07-06,PED00400,CLI020,SUCURSAL NORTE,ASESOR UNO,SECTOR INDUSTRIA,FAMILIA ALFA,A,1017.11,1113.1,1
2026-07-10,2026-07-06,PED00401,CLI023,SUCURSAL NORTE,ASESOR UNO,SECTOR INDUSTRIA,FAMILIA GAMMA,A,1882.11,1825.7,1
2026-07-09,2026-07-06,PED00402,CLI010,SUCURSAL NORTE,ASESOR DOS,SECTOR AGRO,FAMILIA ALFA,B,872.81,1121.6,1
2026-07-09,2026-07-06,PED00402,CLI010,SUCURSAL NORTE,ASESOR DOS,SECTOR AGRO,FAMILIA BETA,B,781.89,597.3,2
2026-07-07,2026-07-06,PED00403,CLI009,SUCURSAL NORTE,ASESOR DOS,SECTOR INDUSTRIA,FAMILIA ALFA,B,804.14,943.9,5
2026-07-06,2026-07-06,PED00404,CLI023,SUCURSAL NORTE,ASESOR DOS,SECTOR CONSTRUCCION,FAMILIA BETA,A,579.8,411.0,2
2026-07-07,2026-07-06,PED00405,CLI010,SUCURSAL NORTE,ASESOR DOS,SECTOR AGRO,FAMILIA GAMMA,B,1527.54,1221.6,1
2026-07-06,2026-07-06,PED00406,CLI012,SUCURSAL NORTE,ASESOR UNO,SECTOR CONSTRUCCION,FAMILIA BETA,B,810.56,938.3,3
2026-07-06,2026-07-06,PED00407,CLI013,SUCURSAL NORTE,ASESOR UNO,SECTOR INDUSTRIA,FAMILIA DELTA,C,2176.11,1829.9,1
2026-07-10,2026-07-06,PED00408,CLI039,SUCURSAL SUR,ASESOR DOS,SECTOR AGRO,FAMILIA ALFA,A,1434.15,1416.5,2
2026-07-10,2026-07-06,PED00408,CLI039,SUCURSAL SUR,ASESOR DOS,SECTOR AGRO,FAMILIA BETA,A,1633.01,1560.3,1
2026-07-09,2026-07-06,PED00409,CLI038,SUCURSAL SUR,ASESOR UNO,SECTOR CONSTRUCCION,FAMILIA GAMMA,A,2350.4,1746.1,2
2026-07-06,2026-07-06,PED00410,CLI019,SUCURSAL SUR,ASESOR DOS,SECTOR INDUSTRIA,FAMILIA DELTA,B,2012.8,1698.5,2
2026-07-09,2026-07-06,PED00411,CLI016,SUCURSAL SUR,ASESOR TRES,SECTOR AGRO,FAMILIA DELTA,B,2220.25,1729.7,4
2026-07-08,2026-07-06,PED00412,CLI038,SUCURSAL SUR,ASESOR TRES,SECTOR AGRO,FAMILIA DELTA,A,1978.32,1598.4,1
2026-07-09,2026-07-06,PED00413,CLI014,SUCURSAL SUR,ASESOR TRES,SECTOR INDUSTRIA,FAMILIA ALFA,C,1718.14,1444.0,4
2026-07-07,2026-07-06,PED00414,CLI038,SUCURSAL SUR,ASESOR TRES,SECTOR INDUSTRIA,FAMILIA GAMMA,A,2521.14,3061.7,3
2026-07-06,2026-07-06,PED00415,CLI037,SUCURSAL SUR,ASESOR TRES,SECTOR INDUSTRIA,FAMILIA ALFA,A,1658.72,2007.1,3
2026-07-08,2026-07-06,PED00416,CLI016,SUCURSAL SUR,ASESOR DOS,SECTOR CONSTRUCCION,FAMILIA ALFA,C,1626.63,1801.4,1
2026-07-10,2026-07-06,PED00417,CLI017,SUCURSAL ESTE,ASESOR DOS,SECTOR CONSTRUCCION,FAMILIA DELTA,A,1402.58,1504.6,2
2026-07-10,2026-07-06,PED00417,CLI017,SUCURSAL ESTE,ASESOR DOS,SECTOR CONSTRUCCION,FAMILIA GAMMA,A,1564.5,1536.8,3
2026-07-06,2026-07-06,PED00418,CLI038,SUCURSAL ESTE,ASESOR DOS,SECTOR AGRO,FAMILIA GAMMA,B,1721.96,1937.8,5
2026-07-07,2026-07-06,PED00419,CLI036,SUCURSAL ESTE,ASESOR DOS,SECTOR CONSTRUCCION,FAMILIA GAMMA,B,1860.11,1832.3,5
2026-07-10,2026-07-06,PED00420,CLI016,SUCURSAL ESTE,ASESOR TRES,SECTOR AGRO,FAMILIA DELTA,A,1007.52,788.1,5
2026-07-07,2026-07-06,PED00421,CLI036,SUCURSAL ESTE,ASESOR UNO,SECTOR INDUSTRIA,FAMILIA BETA,B,1937.94,2309.3,4
2026-07-08,2026-07-06,PED00422,CLI036,SUCURSAL ESTE,ASESOR DOS,SECTOR INDUSTRIA,FAMILIA DELTA,C,961.79,1201.1,1
2026-07-08,2026-07-06,PED00422,CLI036,SUCURSAL ESTE,ASESOR DOS,SECTOR INDUSTRIA,FAMILIA ALFA,C,853.44,1060.3,1
2026-07-06,2026-07-06,PED00423,CLI038,SUCURSAL ESTE,ASESOR DOS,SECTOR CONSTRUCCION,FAMILIA GAMMA,C,2003.11,2187.5,5
2026-07-10,2026-07-06,PED00424,CLI039,SUCURSAL ESTE,ASESOR TRES,SECTOR CONSTRUCCION,FAMILIA GAMMA,B,2068.56,2642.4,2
2026-07-10,2026-07-06,PED00425,CLI037,SUCURSAL ESTE,ASESOR DOS,SECTOR CONSTRUCCION,FAMILIA GAMMA,C,1886.38,1786.8,5
2026-07-10,2026-07-06,PED00426,CLI009,SUCURSAL OESTE,ASESOR TRES,SECTOR CONSTRUCCION,FAMILIA BETA,C,1569.06,1851.1,1
2026-07-09,2026-07-06,PED00427,CLI002,SUCURSAL OESTE,ASESOR DOS,SECTOR AGRO,FAMILIA BETA,B,1226.63,1573.3,5
2026-07-08,2026-07-06,PED00428,CLI010,SUCURSAL OESTE,ASESOR DOS,SECTOR AGRO,FAMILIA GAMMA,C,2381.02,2762.3,2
2026-07-08,2026-07-06,PED00428,CLI010,SUCURSAL OESTE,ASESOR DOS,SECTOR AGRO,FAMILIA BETA,C,1760.23,1907.9,3
2026-07-10,2026-07-06,PED00429,CLI004,SUCURSAL OESTE,ASESOR UNO,SECTOR CONSTRUCCION,FAMILIA ALFA,B,1481.74,1441.0,3
2026-07-09,2026-07-06,PED00431,CLI010,SUCURSAL OESTE,ASESOR TRES,SECTOR CONSTRUCCION,FAMILIA GAMMA,C,2534.97,2751.1,2
2026-07-08,2026-07-06,PED00432,CLI010,SUCURSAL OESTE,ASESOR TRES,SECTOR INDUSTRIA,FAMILIA GAMMA,C,2016.65,2405.8,5
2026-07-17,2026-07-13,PED00433,CLI020,SUCURSAL NORTE,ASESOR TRES,SECTOR INDUSTRIA,FAMILIA GAMMA,A,1307.53,1541.6,2
2026-07-14,2026-07-13,PED00434,CLI010,SUCURSAL NORTE,ASESOR UNO,SECTOR INDUSTRIA,FAMILIA BETA,B,567.02,435.8,1
2026-07-17,2026-07-13,PED00435,CLI009,SUCURSAL NORTE,ASESOR UNO,SECTOR CONSTRUCCION,FAMILIA GAMMA,B,1557.76,1538.0,3
2026-07-14,2026-07-13,PED00437,CLI012,SUCURSAL NORTE,ASESOR TRES,SECTOR AGRO,FAMILIA ALFA,B,1025.19,1321.8,4
2026-07-16,2026-07-13,PED00438,CLI009,SUCURSAL NORTE,ASESOR TRES,SECTOR CONSTRUCCION,FAMILIA BETA,B,615.32,692.0,4
2026-07-17,2026-07-13,PED00439,CLI023,SUCURSAL NORTE,ASESOR UNO,SECTOR INDUSTRIA,FAMILIA ALFA,A,817.06,918.8,1
2026-07-17,2026-07-13,PED00440,CLI014,SUCURSAL NORTE,ASESOR DOS,SECTOR CONSTRUCCION,FAMILIA ALFA,C,756.76,920.0,2
2026-07-17,2026-07-13,PED00441,CLI014,SUCURSAL NORTE,ASESOR UNO,SECTOR INDUSTRIA,FAMILIA BETA,C,619.06,548.9,3
2026-07-15,2026-07-13,PED00442,CLI023,SUCURSAL NORTE,ASESOR UNO,SECTOR CONSTRUCCION,FAMILIA GAMMA,A,1492.08,1690.1,1
2026-07-15,2026-07-13,PED00442,CLI023,SUCURSAL NORTE,ASESOR UNO,SECTOR CONSTRUCCION,FAMILIA BETA,A,779.12,692.9,3
2026-07-14,2026-07-13,PED00443,CLI010,SUCURSAL NORTE,ASESOR UNO,SECTOR AGRO,FAMILIA BETA,B,570.09,508.7,5
2026-07-14,2026-07-13,PED00443,CLI010,SUCURSAL NORTE,ASESOR UNO,SECTOR AGRO,FAMILIA DELTA,B,2085.53,2548.4,4
2026-07-17,2026-07-13,PED00444,CLI036,SUCURSAL SUR,ASESOR DOS,SECTOR CONSTRUCCION,FAMILIA DELTA,A,1647.58,1947.6,5
2026-07-16,2026-07-13,PED00445,CLI019,SUCURSAL SUR,ASESOR UNO,SECTOR AGRO,FAMILIA GAMMA,B,2251.1,2828.6,3
2026-07-16,2026-07-13,PED00445,CLI019,SUCURSAL SUR,ASESOR UNO,SECTOR AGRO,FAMILIA DELTA,B,2087.66,1592.8,4
2026-07-13,2026-07-13,PED00446,CLI015,SUCURSAL SUR,ASESOR UNO,SECTOR INDUSTRIA,FAMILIA BETA,C,1383.85,1482.9,3
2026-07-13,2026-07-13,PED00446,CLI015,SUCURSAL SUR,ASESOR UNO,SECTOR INDUSTRIA,FAMILIA ALFA,C,1799.74,2180.3,3
2026-07-13,2026-07-13,PED00447,CLI039,SUCURSAL SUR,ASESOR DOS,SECTOR INDUSTRIA,FAMILIA ALFA,A,1549.45,1798.5,2
2026-07-13,2026-07-13,PED00447,CLI039,SUCURSAL SUR,ASESOR DOS,SECTOR INDUSTRIA,FAMILIA DELTA,A,2016.94,2259.2,3
2026-07-14,2026-07-13,PED00448,CLI017,SUCURSAL SUR,ASESOR UNO,SECTOR INDUSTRIA,FAMILIA DELTA,C,2204.23,2106.1,3
2026-07-17,2026-07-13,PED00449,CLI017,SUCURSAL SUR,ASESOR DOS,SECTOR CONSTRUCCION,FAMILIA GAMMA,C,2707.52,3421.9,4
2026-07-16,2026-07-13,PED00450,CLI016,SUCURSAL SUR,ASESOR DOS,SECTOR CONSTRUCCION,FAMILIA BETA,C,1534.32,1193.4,2
2026-07-14,2026-07-13,PED00451,CLI016,SUCURSAL SUR,ASESOR DOS,SECTOR CONSTRUCCION,FAMILIA DELTA,C,2243.44,2506.4,5
2026-07-14,2026-07-13,PED00452,CLI038,SUCURSAL SUR,ASESOR DOS,SECTOR AGRO,FAMILIA ALFA,A,1910.84,2327.1,5
2026-07-17,2026-07-13,PED00453,CLI016,SUCURSAL SUR,ASESOR DOS,SECTOR CONSTRUCCION,FAMILIA ALFA,C,1999.11,1791.7,3
2026-07-16,2026-07-13,PED00454,CLI038,SUCURSAL ESTE,ASESOR DOS,SECTOR AGRO,FAMILIA ALFA,B,846.34,598.8,4
2026-07-13,2026-07-13,PED00455,CLI036,SUCURSAL ESTE,ASESOR TRES,SECTOR INDUSTRIA,FAMILIA BETA,C,2620.6,2232.6,3
2026-07-13,2026-07-13,PED00455,CLI036,SUCURSAL ESTE,ASESOR TRES,SECTOR INDUSTRIA,FAMILIA ALFA,C,684.68,824.2,2
2026-07-15,2026-07-13,PED00456,CLI035,SUCURSAL ESTE,ASESOR UNO,SECTOR INDUSTRIA,FAMILIA BETA,C,2681.93,2101.2,5
2026-07-15,2026-07-13,PED00456,CLI035,SUCURSAL ESTE,ASESOR UNO,SECTOR INDUSTRIA,FAMILIA DELTA,C,1243.47,906.2,5
2026-07-14,2026-07-13,PED00457,CLI039,SUCURSAL ESTE,ASESOR DOS,SECTOR AGRO,FAMILIA GAMMA,B,1472.88,1135.6,1
2026-07-14,2026-07-13,PED00457,CLI039,SUCURSAL ESTE,ASESOR DOS,SECTOR AGRO,FAMILIA ALFA,B,834.91,597.3,3
2026-07-14,2026-07-13,PED00458,CLI015,SUCURSAL ESTE,ASESOR UNO,SECTOR INDUSTRIA,FAMILIA DELTA,A,1313.76,1671.7,3
2026-07-14,2026-07-13,PED00458,CLI015,SUCURSAL ESTE,ASESOR UNO,SECTOR INDUSTRIA,FAMILIA BETA,A,2458.15,3029.0,5
2026-07-15,2026-07-13,PED00459,CLI037,SUCURSAL ESTE,ASESOR DOS,SECTOR AGRO,FAMILIA ALFA,C,747.73,971.0,5
2026-07-14,2026-07-13,PED00460,CLI036,SUCURSAL ESTE,ASESOR UNO,SECTOR AGRO,FAMILIA GAMMA,B,1814.52,2280.1,1
2026-07-13,2026-07-13,PED00461,CLI018,SUCURSAL ESTE,ASESOR TRES,SECTOR INDUSTRIA,FAMILIA DELTA,A,1023.77,895.4,5
2026-07-13,2026-07-13,PED00461,CLI018,SUCURSAL ESTE,ASESOR TRES,SECTOR INDUSTRIA,FAMILIA ALFA,A,802.08,733.1,2
2026-07-15,2026-07-13,PED00462,CLI036,SUCURSAL ESTE,ASESOR TRES,SECTOR INDUSTRIA,FAMILIA DELTA,C,1116.02,1256.5,4
2026-07-15,2026-07-13,PED00462,CLI036,SUCURSAL ESTE,ASESOR TRES,SECTOR INDUSTRIA,FAMILIA ALFA,C,633.22,557.9,3
2026-07-17,2026-07-13,PED00464,CLI011,SUCURSAL OESTE,ASESOR TRES,SECTOR CONSTRUCCION,FAMILIA ALFA,A,1324.44,945.7,5
2026-07-14,2026-07-13,PED00465,CLI012,SUCURSAL OESTE,ASESOR TRES,SECTOR INDUSTRIA,FAMILIA BETA,C,1264.36,1217.5,1
2026-07-13,2026-07-13,PED00467,CLI009,SUCURSAL OESTE,ASESOR UNO,SECTOR INDUSTRIA,FAMILIA GAMMA,C,1935.89,2264.4,5
2026-07-14,2026-07-13,PED00468,CLI002,SUCURSAL OESTE,ASESOR DOS,SECTOR CONSTRUCCION,FAMILIA BETA,B,1747.52,1979.8,1
2026-07-15,2026-07-13,PED00469,CLI010,SUCURSAL OESTE,ASESOR TRES,SECTOR AGRO,FAMILIA GAMMA,C,1834.99,2324.0,4
2026-07-14,2026-07-13,PED00470,CLI012,SUCURSAL OESTE,ASESOR UNO,SECTOR CONSTRUCCION,FAMILIA BETA,C,1549.45,2012.1,3
2026-07-21,2026-07-20,PED00472,CLI010,SUCURSAL NORTE,ASESOR TRES,SECTOR AGRO,FAMILIA BETA,B,615.83,547.8,5
2026-07-24,2026-07-20,PED00473,CLI012,SUCURSAL NORTE,ASESOR DOS,SECTOR CONSTRUCCION,FAMILIA GAMMA,B,1592.59,1304.0,5
2026-07-20,2026-07-20,PED00474,CLI010,SUCURSAL NORTE,ASESOR TRES,SECTOR CONSTRUCCION,FAMILIA DELTA,B,2276.28,2144.3,3
2026-07-21,2026-07-20,PED00475,CLI012,SUCURSAL NORTE,ASESOR TRES,SECTOR AGRO,FAMILIA ALFA,B,760.76,954.2,4
2026-07-23,2026-07-20,PED00476,CLI014,SUCURSAL NORTE,ASESOR TRES,SECTOR INDUSTRIA,FAMILIA BETA,C,717.23,787.3,1
2026-07-22,2026-07-20,PED00477,CLI014,SUCURSAL NORTE,ASESOR TRES,SECTOR CONSTRUCCION,FAMILIA BETA,C,657.09,832.5,5
2026-07-20,2026-07-20,PED00478,CLI013,SUCURSAL NORTE,ASESOR TRES,SECTOR AGRO,FAMILIA ALFA,C,974.93,1236.7,4
2026-07-24,2026-07-20,PED00479,CLI013,SUCURSAL NORTE,ASESOR DOS,SECTOR INDUSTRIA,FAMILIA GAMMA,C,1700.68,1677.1,3
2026-07-20,2026-07-20,PED00480,CLI013,SUCURSAL NORTE,ASESOR DOS,SECTOR AGRO,FAMILIA DELTA,C,1585.95,1881.3,5
2026-07-23,2026-07-20,PED00481,CLI013,SUCURSAL NORTE,ASESOR UNO,SECTOR AGRO,FAMILIA DELTA,C,1551.09,1265.5,1
2026-07-23,2026-07-20,PED00482,CLI016,SUCURSAL SUR,ASESOR UNO,SECTOR AGRO,FAMILIA ALFA,B,1995.67,2056.6,1
2026-07-23,2026-07-20,PED00483,CLI014,SUCURSAL SUR,ASESOR UNO,SECTOR AGRO,FAMILIA DELTA,C,1668.67,2042.1,2
2026-07-23,2026-07-20,PED00483,CLI014,SUCURSAL SUR,ASESOR UNO,SECTOR AGRO,FAMILIA BETA,C,1457.43,1874.4,1
2026-07-20,2026-07-20,PED00484,CLI036,SUCURSAL SUR,ASESOR UNO,SECTOR CONSTRUCCION,FAMILIA BETA,A,1185.44,945.1,2
2026-07-22,2026-07-20,PED00485,CLI017,SUCURSAL SUR,ASESOR UNO,SECTOR INDUSTRIA,FAMILIA DELTA,B,1853.72,1752.5,4
2026-07-21,2026-07-20,PED00486,CLI015,SUCURSAL SUR,ASESOR UNO,SECTOR AGRO,FAMILIA BETA,C,1567.82,1686.4,1
2026-07-23,2026-07-20,PED00487,CLI014,SUCURSAL SUR,ASESOR DOS,SECTOR INDUSTRIA,FAMILIA ALFA,C,1660.21,2040.1,5
2026-07-20,2026-07-20,PED00488,CLI015,SUCURSAL SUR,ASESOR TRES,SECTOR AGRO,FAMILIA BETA,C,1220.64,1135.2,1
2026-07-20,2026-07-20,PED00488,CLI015,SUCURSAL SUR,ASESOR TRES,SECTOR AGRO,FAMILIA DELTA,C,1993.25,2498.9,5
2026-07-24,2026-07-20,PED00489,CLI036,SUCURSAL ESTE,ASESOR DOS,SECTOR AGRO,FAMILIA DELTA,C,1094.07,1080.6,5
2026-07-21,2026-07-20,PED00490,CLI039,SUCURSAL ESTE,ASESOR TRES,SECTOR CONSTRUCCION,FAMILIA BETA,B,2601.22,3050.9,1
2026-07-24,2026-07-20,PED00491,CLI038,SUCURSAL ESTE,ASESOR TRES,SECTOR INDUSTRIA,FAMILIA DELTA,B,1383.92,1681.6,1
2026-07-24,2026-07-20,PED00492,CLI015,SUCURSAL ESTE,ASESOR DOS,SECTOR CONSTRUCCION,FAMILIA GAMMA,A,1845.74,1765.2,1
2026-07-23,2026-07-20,PED00493,CLI035,SUCURSAL ESTE,ASESOR UNO,SECTOR INDUSTRIA,FAMILIA ALFA,C,749.53,720.5,3
2026-07-20,2026-07-20,PED00494,CLI038,SUCURSAL ESTE,ASESOR UNO,SECTOR INDUSTRIA,FAMILIA GAMMA,B,1580.27,1726.6,3
2026-07-24,2026-07-20,PED00495,CLI038,SUCURSAL ESTE,ASESOR DOS,SECTOR CONSTRUCCION,FAMILIA GAMMA,C,1752.76,2135.1,4
2026-07-22,2026-07-20,PED00496,CLI010,SUCURSAL OESTE,ASESOR UNO,SECTOR CONSTRUCCION,FAMILIA BETA,C,1380.87,1672.0,2
2026-07-20,2026-07-20,PED00497,CLI014,SUCURSAL OESTE,ASESOR DOS,SECTOR INDUSTRIA,FAMILIA ALFA,A,1329.25,1409.6,1
2026-07-21,2026-07-20,PED00498,CLI002,SUCURSAL OESTE,ASESOR TRES,SECTOR AGRO,FAMILIA ALFA,B,1587.05,1909.2,3
2026-07-23,2026-07-20,PED00499,CLI012,SUCURSAL OESTE,ASESOR DOS,SECTOR CONSTRUCCION,FAMILIA BETA,A,1326.82,977.3,2
2026-07-22,2026-07-20,PED00502,CLI002,SUCURSAL OESTE,ASESOR UNO,SECTOR INDUSTRIA,FAMILIA ALFA,B,1532.47,1445.3,2
2026-07-29,2026-07-27,PED00505,CLI012,SUCURSAL NORTE,ASESOR DOS,SECTOR AGRO,FAMILIA GAMMA,C,1584.13,2018.3,4
2026-07-29,2026-07-27,PED00505,CLI012,SUCURSAL NORTE,ASESOR DOS,SECTOR AGRO,FAMILIA ALFA,C,979.81,1089.5,3
2026-07-29,2026-07-27,PED00506,CLI010,SUCURSAL NORTE,ASESOR TRES,SECTOR CONSTRUCCION,FAMILIA BETA,B,645.92,827.8,2
2026-07-28,2026-07-27,PED00507,CLI020,SUCURSAL NORTE,ASESOR TRES,SECTOR INDUSTRIA,FAMILIA BETA,A,706.19,775.1,2
2026-07-28,2026-07-27,PED00508,CLI011,SUCURSAL NORTE,ASESOR TRES,SECTOR CONSTRUCCION,FAMILIA ALFA,C,844.58,1162.8,1
2026-07-29,2026-07-27,PED00509,CLI014,SUCURSAL NORTE,ASESOR DOS,SECTOR INDUSTRIA,FAMILIA BETA,C,722.52,934.2,2
2026-07-29,2026-07-27,PED00509,CLI014,SUCURSAL NORTE,ASESOR DOS,SECTOR INDUSTRIA,FAMILIA ALFA,C,783.13,1056.6,3
2026-07-30,2026-07-27,PED00510,CLI014,SUCURSAL NORTE,ASESOR TRES,SECTOR INDUSTRIA,FAMILIA DELTA,C,2106.92,1816.7,2
2026-07-27,2026-07-27,PED00511,CLI011,SUCURSAL NORTE,ASESOR DOS,SECTOR AGRO,FAMILIA DELTA,C,1942.05,1808.3,3
2026-07-27,2026-07-27,PED00511,CLI011,SUCURSAL NORTE,ASESOR DOS,SECTOR AGRO,FAMILIA GAMMA,C,1756.68,1810.7,3
2026-07-28,2026-07-27,PED00512,CLI010,SUCURSAL NORTE,ASESOR DOS,SECTOR AGRO,FAMILIA ALFA,B,964.55,1220.0,2
2026-07-28,2026-07-27,PED00514,CLI013,SUCURSAL NORTE,ASESOR UNO,SECTOR CONSTRUCCION,FAMILIA DELTA,C,1831.71,1650.9,1
2026-07-28,2026-07-27,PED00514,CLI013,SUCURSAL NORTE,ASESOR UNO,SECTOR CONSTRUCCION,FAMILIA GAMMA,C,1432.06,1578.1,1
2026-07-31,2026-07-27,PED00515,CLI009,SUCURSAL NORTE,ASESOR DOS,SECTOR INDUSTRIA,FAMILIA BETA,B,634.55,738.9,1
2026-07-30,2026-07-27,PED00516,CLI038,SUCURSAL SUR,ASESOR UNO,SECTOR INDUSTRIA,FAMILIA ALFA,A,1832.64,1754.4,2
2026-07-27,2026-07-27,PED00517,CLI017,SUCURSAL SUR,ASESOR TRES,SECTOR CONSTRUCCION,FAMILIA ALFA,B,1581.5,1204.3,2
2026-07-30,2026-07-27,PED00518,CLI037,SUCURSAL SUR,ASESOR TRES,SECTOR AGRO,FAMILIA DELTA,A,1667.31,2070.1,1
2026-07-28,2026-07-27,PED00519,CLI014,SUCURSAL SUR,ASESOR TRES,SECTOR CONSTRUCCION,FAMILIA GAMMA,C,2754.35,2481.6,3
2026-07-30,2026-07-27,PED00520,CLI016,SUCURSAL SUR,ASESOR TRES,SECTOR INDUSTRIA,FAMILIA DELTA,B,1649.49,1238.6,1
2026-07-30,2026-07-27,PED00521,CLI014,SUCURSAL SUR,ASESOR TRES,SECTOR CONSTRUCCION,FAMILIA DELTA,C,1796.09,1364.2,4
2026-07-28,2026-07-27,PED00522,CLI019,SUCURSAL SUR,ASESOR TRES,SECTOR AGRO,FAMILIA DELTA,B,1943.04,2129.6,1
2026-07-27,2026-07-27,PED00523,CLI014,SUCURSAL SUR,ASESOR TRES,SECTOR CONSTRUCCION,FAMILIA GAMMA,C,2060.82,1715.8,3
2026-07-30,2026-07-27,PED00524,CLI016,SUCURSAL SUR,ASESOR DOS,SECTOR CONSTRUCCION,FAMILIA GAMMA,C,2739.91,2637.9,1
2026-07-30,2026-07-27,PED00524,CLI016,SUCURSAL SUR,ASESOR DOS,SECTOR CONSTRUCCION,FAMILIA ALFA,C,1443.81,1481.8,4
2026-07-27,2026-07-27,PED00525,CLI037,SUCURSAL ESTE,ASESOR TRES,SECTOR CONSTRUCCION,FAMILIA DELTA,C,980.71,816.5,2
2026-07-31,2026-07-27,PED00526,CLI017,SUCURSAL ESTE,ASESOR UNO,SECTOR AGRO,FAMILIA DELTA,A,1392.03,1512.4,5
2026-07-30,2026-07-27,PED00527,CLI037,SUCURSAL ESTE,ASESOR TRES,SECTOR CONSTRUCCION,FAMILIA BETA,B,2193.67,2271.5,2
2026-07-30,2026-07-27,PED00527,CLI037,SUCURSAL ESTE,ASESOR TRES,SECTOR CONSTRUCCION,FAMILIA DELTA,B,1228.03,1345.6,2
2026-07-27,2026-07-27,PED00528,CLI037,SUCURSAL ESTE,ASESOR TRES,SECTOR CONSTRUCCION,FAMILIA GAMMA,B,1512.05,1628.5,4
2026-07-31,2026-07-27,PED00529,CLI039,SUCURSAL ESTE,ASESOR DOS,SECTOR INDUSTRIA,FAMILIA DELTA,B,1326.71,954.0,3
2026-07-30,2026-07-27,PED00530,CLI036,SUCURSAL ESTE,ASESOR DOS,SECTOR AGRO,FAMILIA GAMMA,C,1683.71,1941.0,2
2026-07-30,2026-07-27,PED00530,CLI036,SUCURSAL ESTE,ASESOR DOS,SECTOR AGRO,FAMILIA BETA,C,2632.73,3396.2,4
2026-07-27,2026-07-27,PED00531,CLI037,SUCURSAL ESTE,ASESOR TRES,SECTOR INDUSTRIA,FAMILIA ALFA,C,673.49,637.0,4
2026-07-28,2026-07-27,PED00532,CLI037,SUCURSAL ESTE,ASESOR TRES,SECTOR INDUSTRIA,FAMILIA DELTA,C,988.5,1163.9,2
2026-07-27,2026-07-27,PED00533,CLI014,SUCURSAL OESTE,ASESOR UNO,SECTOR AGRO,FAMILIA GAMMA,A,2563.69,2470.2,4
2026-07-27,2026-07-27,PED00533,CLI014,SUCURSAL OESTE,ASESOR UNO,SECTOR AGRO,FAMILIA BETA,A,1265.64,1002.8,2
2026-07-28,2026-07-27,PED00534,CLI001,SUCURSAL OESTE,ASESOR TRES,SECTOR CONSTRUCCION,FAMILIA BETA,B,1697.44,1623.3,2
2026-07-30,2026-07-27,PED00536,CLI012,SUCURSAL OESTE,ASESOR TRES,SECTOR AGRO,FAMILIA ALFA,C,1641.45,1261.4,3
2026-07-28,2026-07-27,PED00537,CLI010,SUCURSAL OESTE,ASESOR DOS,SECTOR CONSTRUCCION,FAMILIA BETA,C,1346.92,1104.6,2
2026-07-27,2026-07-27,PED00538,CLI011,SUCURSAL OESTE,ASESOR UNO,SECTOR AGRO,FAMILIA GAMMA,C,2249.33,2722.2,1
2026-07-29,2026-07-27,PED00540,CLI009,SUCURSAL OESTE,ASESOR DOS,SECTOR CONSTRUCCION,FAMILIA BETA,C,1677.38,1419.3,5
2026-07-29,2026-07-27,PED00540,CLI009,SUCURSAL OESTE,ASESOR DOS,SECTOR CONSTRUCCION,FAMILIA GAMMA,C,2003.06,2163.7,5
